vocab_size: 201088
hidden_dim: 2880
n_experts: 128
experts_per_token: 4
intermediate_dim: 2880
n_layers: 36
head_dim: 64
n_attn_heads: 64
n_kv_heads: 8
max_seq_len: 2048
init context len: 4096
rope theta: 150000.000000
rope_scaling_factor: 32.000000
sliding window: 128
swiglu_limit: 7.000000
requests size = 1931264000 B
Num requests: 7360
KV cache (fp32) total capacity: layers_capacity=20736 positions/layer-stack
KV cache size per batch: 18630 MB
KV cache (fp32) total capacity: layers_capacity=20736 positions/layer-stack
KV cache size per batch: 18630 MB
KV cache (fp32) total capacity: layers_capacity=20736 positions/layer-stack
KV cache size per batch: 18630 MB
KV cache (fp32) total capacity: layers_capacity=20736 positions/layer-stack
KV cache size per batch: 18630 MB
KV cache (fp32) total capacity: layers_capacity=20736 positions/layer-stack
KV cache size per batch: 18630 MB
KV cache (fp32) total capacity: layers_capacity=20736 positions/layer-stack
KV cache size per batch: 18630 MB
KV cache (fp32) total capacity: layers_capacity=20736 positions/layer-stack
KV cache size per batch: 18630 MB
KV cache (fp32) total capacity: layers_capacity=20736 positions/layer-stack
KV cache size per batch: 18630 MB
[streaming quantize strided] tile    16 rows,   23.00 ms,   10.75 GB/s
[streaming quantize strided] tile    16 rows,   24.00 ms,   10.30 GB/s
[streaming quantize strided] tile    16 rows,   23.00 ms,   10.75 GB/s
[streaming quantize strided] tile    16 rows,   24.00 ms,   10.30 GB/s
[streaming quantize strided] tile    16 rows,   23.00 ms,   10.75 GB/s
[streaming quantize strided] tile    16 rows,   24.00 ms,   10.30 GB/s
[streaming quantize strided] tile    16 rows,   20.00 ms,   12.36 GB/s
[streaming quantize strided] tile    16 rows,   19.00 ms,   13.01 GB/s
[streaming quantize strided] tile    16 rows, 1855.00 ms,    0.13 GB/s
[streaming quantize strided] tile    16 rows, 1855.00 ms,    0.13 GB/s
[streaming quantize strided] tile    16 rows, 1676.00 ms,    0.15 GB/s
[streaming quantize strided] tile    16 rows, 1676.00 ms,    0.15 GB/s
[streaming quantize strided] tile    16 rows, 1938.00 ms,    0.13 GB/s
[streaming quantize strided] tile    16 rows, 1940.00 ms,    0.13 GB/s
[streaming quantize strided] tile    16 rows, 1935.00 ms,    0.13 GB/s
[streaming quantize strided] tile    16 rows, 1936.00 ms,    0.13 GB/s
[streaming quantize strided] tile    16 rows, 1367.00 ms,    0.18 GB/s
[streaming quantize strided] tile    16 rows, 1367.00 ms,    0.18 GB/s
[streaming quantize strided] tile    16 rows, 1771.00 ms,    0.14 GB/s
[streaming quantize strided] tile    16 rows, 1772.00 ms,    0.14 GB/s
[streaming quantize strided] tile    16 rows, 1809.00 ms,    0.14 GB/s
[streaming quantize strided] tile    16 rows, 1809.00 ms,    0.14 GB/s
[streaming quantize strided] tile    16 rows, 1660.00 ms,    0.15 GB/s
[streaming quantize strided] tile    16 rows, 1662.00 ms,    0.15 GB/s
[streaming quantize strided] tile    16 rows, 1816.00 ms,    0.14 GB/s
[streaming quantize strided] tile    16 rows, 1817.00 ms,    0.14 GB/s
[streaming quantize strided] tile    16 rows, 1822.00 ms,    0.14 GB/s
[streaming quantize strided] tile    16 rows, 1821.00 ms,    0.14 GB/s
[streaming quantize strided] tile    16 rows, 1899.00 ms,    0.13 GB/s
[streaming quantize strided] tile    16 rows, 1901.00 ms,    0.13 GB/s
[streaming quantize strided] tile    16 rows, 1991.00 ms,    0.12 GB/s
[streaming quantize strided] tile    16 rows, 1992.00 ms,    0.12 GB/s
[streaming quantize strided] tile    16 rows, 1489.00 ms,    0.17 GB/s
[streaming quantize strided] tile    16 rows, 1490.00 ms,    0.17 GB/s
[streaming quantize strided] tile    16 rows, 1688.00 ms,    0.15 GB/s
[streaming quantize strided] tile    16 rows, 1689.00 ms,    0.15 GB/s
[streaming quantize strided] tile    16 rows, 1789.00 ms,    0.14 GB/s
[streaming quantize strided] tile    16 rows, 1788.00 ms,    0.14 GB/s
[streaming quantize strided] tile    16 rows, 1820.00 ms,    0.14 GB/s
[streaming quantize strided] tile    16 rows, 1821.00 ms,    0.14 GB/s
[streaming quantize strided] tile    16 rows, 1835.00 ms,    0.13 GB/s
[streaming quantize strided] tile    16 rows, 1835.00 ms,    0.13 GB/s
[streaming quantize strided] tile    16 rows, 1841.00 ms,    0.13 GB/s
[streaming quantize strided] tile    16 rows, 1843.00 ms,    0.13 GB/s
[streaming quantize strided] tile    16 rows, 1704.00 ms,    0.15 GB/s
[streaming quantize strided] tile    16 rows, 1704.00 ms,    0.15 GB/s
[streaming quantize strided] tile    16 rows,   12.00 ms,   20.60 GB/s
[streaming quantize strided] tile    16 rows, 1993.00 ms,    0.12 GB/s
[streaming quantize strided] tile    16 rows, 1994.00 ms,    0.12 GB/s
[streaming quantize strided] tile    16 rows,   37.00 ms,    6.68 GB/s
[streaming quantize strided] tile    16 rows, 2112.00 ms,    0.12 GB/s
[streaming quantize strided] tile    16 rows, 2113.00 ms,    0.12 GB/s
[streaming quantize strided] tile    16 rows, 1688.00 ms,    0.15 GB/s
[streaming quantize strided] tile    16 rows, 1689.00 ms,    0.15 GB/s
[streaming quantize strided] tile    16 rows,   11.00 ms,   22.47 GB/s
[streaming quantize strided] tile    16 rows,   12.00 ms,   20.60 GB/s
[streaming quantize strided] tile    16 rows, 1896.00 ms,    0.13 GB/s
[streaming quantize strided] tile    16 rows, 1897.00 ms,    0.13 GB/s
[streaming quantize strided] tile    16 rows,   14.00 ms,   17.66 GB/s
[streaming quantize strided] tile    16 rows,   15.00 ms,   16.48 GB/s
[streaming quantize strided] tile    16 rows, 1872.00 ms,    0.13 GB/s
[streaming quantize strided] tile    16 rows, 1876.00 ms,    0.13 GB/s
[streaming quantize strided] tile    16 rows,   12.00 ms,   20.60 GB/s
[streaming quantize strided] tile    16 rows,   12.00 ms,   20.60 GB/s
[streaming quantize strided] tile    16 rows,   22.00 ms,   11.24 GB/s
[streaming quantize strided] tile    16 rows,   24.00 ms,   10.30 GB/s
[streaming quantize strided] tile    16 rows,   23.00 ms,   10.75 GB/s
[streaming quantize strided] tile    16 rows,   23.00 ms,   10.75 GB/s
[streaming quantize strided] tile    16 rows,   32.00 ms,    7.72 GB/s
[streaming quantize strided] tile    16 rows,   33.00 ms,    7.49 GB/s
[streaming quantize strided] tile    16 rows, 1741.00 ms,    0.14 GB/s
[streaming quantize strided] tile    16 rows, 1742.00 ms,    0.14 GB/s
[streaming quantize strided] tile    16 rows, 1760.00 ms,    0.14 GB/s
[streaming quantize strided] tile    16 rows, 1760.00 ms,    0.14 GB/s
[streaming quantize strided] tile    16 rows,   23.00 ms,   10.75 GB/s
[streaming quantize strided] tile    16 rows,   23.00 ms,   10.75 GB/s
[streaming quantize strided] tile    16 rows, 1628.00 ms,    0.15 GB/s
[streaming quantize strided] tile    16 rows, 1628.00 ms,    0.15 GB/s
[streaming quantize strided] tile    16 rows, 1679.00 ms,    0.15 GB/s
[streaming quantize strided] tile    16 rows, 1678.00 ms,    0.15 GB/s
[streaming quantize strided] tile    16 rows, 1646.00 ms,    0.15 GB/s
[streaming quantize strided] tile    16 rows, 1645.00 ms,    0.15 GB/s
[streaming quantize strided] tile    16 rows, 1957.00 ms,    0.13 GB/s
[streaming quantize strided] tile    16 rows, 1957.00 ms,    0.13 GB/s
[streaming quantize strided] tile    16 rows, 1654.00 ms,    0.15 GB/s
[streaming quantize strided] tile    16 rows, 1654.00 ms,    0.15 GB/s
[streaming quantize strided] tile    16 rows, 1655.00 ms,    0.15 GB/s
[streaming quantize strided] tile    16 rows, 1655.00 ms,    0.15 GB/s
[streaming quantize strided] tile    16 rows, 1859.00 ms,    0.13 GB/s
[streaming quantize strided] tile    16 rows, 1860.00 ms,    0.13 GB/s
[streaming quantize strided] tile    16 rows, 2091.00 ms,    0.12 GB/s
[streaming quantize strided] tile    16 rows, 2091.00 ms,    0.12 GB/s
[streaming quantize strided] tile    16 rows, 1782.00 ms,    0.14 GB/s
[streaming quantize strided] tile    16 rows, 1783.00 ms,    0.14 GB/s
[streaming quantize strided] tile    16 rows, 1704.00 ms,    0.15 GB/s
[streaming quantize strided] tile    16 rows, 1704.00 ms,    0.15 GB/s
[streaming quantize strided] tile    16 rows, 1957.00 ms,    0.13 GB/s
[streaming quantize strided] tile    16 rows, 1956.00 ms,    0.13 GB/s
[streaming quantize strided] tile    16 rows, 2123.00 ms,    0.12 GB/s
[streaming quantize strided] tile    16 rows, 2123.00 ms,    0.12 GB/s
[streaming quantize strided] tile    16 rows, 1858.00 ms,    0.13 GB/s
[streaming quantize strided] tile    16 rows, 1859.00 ms,    0.13 GB/s
[streaming quantize strided] tile    16 rows, 1831.00 ms,    0.14 GB/s
[streaming quantize strided] tile    16 rows, 1831.00 ms,    0.14 GB/s
[streaming quantize strided] tile    16 rows, 1517.00 ms,    0.16 GB/s
[streaming quantize strided] tile    16 rows, 1517.00 ms,    0.16 GB/s
[streaming quantize strided] tile    16 rows, 1732.00 ms,    0.14 GB/s
[streaming quantize strided] tile    16 rows, 1731.00 ms,    0.14 GB/s
[streaming quantize strided] tile    16 rows, 1720.00 ms,    0.14 GB/s
[streaming quantize strided] tile    16 rows, 1721.00 ms,    0.14 GB/s
[streaming quantize strided] tile    16 rows, 1826.00 ms,    0.14 GB/s
[streaming quantize strided] tile    16 rows, 1826.00 ms,    0.14 GB/s
[streaming quantize strided] tile    16 rows,   11.00 ms,   22.47 GB/s
[streaming quantize strided] tile    16 rows,   11.00 ms,   22.47 GB/s
[streaming quantize strided] tile    16 rows, 1945.00 ms,    0.13 GB/s
[streaming quantize strided] tile    16 rows, 1945.00 ms,    0.13 GB/s
[streaming quantize strided] tile    16 rows,   12.00 ms,   20.60 GB/s
[streaming quantize strided] tile    16 rows,   11.00 ms,   22.47 GB/s
[streaming quantize strided] tile    16 rows, 1023.00 ms,    0.24 GB/s
[streaming quantize strided] tile    16 rows, 1024.00 ms,    0.24 GB/s
[streaming quantize strided] tile    16 rows, 1450.00 ms,    0.17 GB/s
[streaming quantize strided] tile    16 rows, 1449.00 ms,    0.17 GB/s
[streaming quantize strided] tile    16 rows,   13.00 ms,   19.01 GB/s
[streaming quantize strided] tile    16 rows,   14.00 ms,   17.66 GB/s
[streaming quantize strided] tile    16 rows, 1718.00 ms,    0.14 GB/s
[streaming quantize strided] tile    16 rows, 1720.00 ms,    0.14 GB/s
[streaming quantize strided] tile    16 rows,   11.00 ms,   22.47 GB/s
[streaming quantize strided] tile    16 rows,   11.00 ms,   22.47 GB/s
[streaming quantize strided] tile    16 rows,   21.00 ms,   11.77 GB/s
[streaming quantize strided] tile    16 rows,   22.00 ms,   11.24 GB/s
[streaming quantize strided] tile    16 rows,   22.00 ms,   11.24 GB/s
[streaming quantize strided] tile    16 rows,   24.00 ms,   10.30 GB/s
[streaming quantize strided] tile    16 rows, 1543.00 ms,    0.16 GB/s
[streaming quantize strided] tile    16 rows, 1543.00 ms,    0.16 GB/s
[streaming quantize strided] tile    16 rows, 1454.00 ms,    0.17 GB/s
[streaming quantize strided] tile    16 rows, 1452.00 ms,    0.17 GB/s
[streaming quantize strided] tile    16 rows,   26.00 ms,    9.51 GB/s
[streaming quantize strided] tile    16 rows,   33.00 ms,    7.49 GB/s
[streaming quantize strided] tile    16 rows, 1777.00 ms,    0.14 GB/s
[streaming quantize strided] tile    16 rows, 1779.00 ms,    0.14 GB/s
[streaming quantize strided] tile    16 rows, 1833.00 ms,    0.13 GB/s
[streaming quantize strided] tile    16 rows, 1834.00 ms,    0.13 GB/s
[streaming quantize strided] tile    16 rows,   24.00 ms,   10.30 GB/s
[streaming quantize strided] tile    16 rows,   26.00 ms,    9.51 GB/s
[streaming quantize strided] tile    16 rows, 1690.00 ms,    0.15 GB/s
[streaming quantize strided] tile    16 rows, 1684.00 ms,    0.15 GB/s
[streaming quantize strided] tile    16 rows, 1705.00 ms,    0.14 GB/s
[streaming quantize strided] tile    16 rows, 1707.00 ms,    0.14 GB/s
[streaming quantize strided] tile    16 rows, 1474.00 ms,    0.17 GB/s
[streaming quantize strided] tile    16 rows, 1710.00 ms,    0.14 GB/s
[streaming quantize strided] tile    16 rows, 1475.00 ms,    0.17 GB/s
[streaming quantize strided] tile    16 rows, 1713.00 ms,    0.14 GB/s
[streaming quantize strided] tile    16 rows, 1651.00 ms,    0.15 GB/s
[streaming quantize strided] tile    16 rows, 1649.00 ms,    0.15 GB/s
[streaming quantize strided] tile    16 rows, 1237.00 ms,    0.20 GB/s
[streaming quantize strided] tile    16 rows, 1236.00 ms,    0.20 GB/s
[streaming quantize strided] tile    16 rows, 1178.00 ms,    0.21 GB/s
[streaming quantize strided] tile    16 rows, 1178.00 ms,    0.21 GB/s
[streaming quantize strided] tile    16 rows, 1445.00 ms,    0.17 GB/s
[streaming quantize strided] tile    16 rows, 1446.00 ms,    0.17 GB/s
[streaming quantize strided] tile    16 rows, 1349.00 ms,    0.18 GB/s
[streaming quantize strided] tile    16 rows, 1348.00 ms,    0.18 GB/s
[streaming quantize strided] tile    16 rows, 1122.00 ms,    0.22 GB/s
[streaming quantize strided] tile    16 rows, 1122.00 ms,    0.22 GB/s
[streaming quantize strided] tile    16 rows, 1235.00 ms,    0.20 GB/s
[streaming quantize strided] tile    16 rows, 1236.00 ms,    0.20 GB/s
[streaming quantize strided] tile    16 rows, 1204.00 ms,    0.21 GB/s
[streaming quantize strided] tile    16 rows, 1205.00 ms,    0.21 GB/s
[streaming quantize strided] tile    16 rows, 1179.00 ms,    0.21 GB/s
[streaming quantize strided] tile    16 rows, 1179.00 ms,    0.21 GB/s
[streaming quantize strided] tile    16 rows, 1288.00 ms,    0.19 GB/s
[streaming quantize strided] tile    16 rows, 1288.00 ms,    0.19 GB/s
[streaming quantize strided] tile    16 rows,   12.00 ms,   20.60 GB/s
[streaming quantize strided] tile    16 rows,   13.00 ms,   19.01 GB/s
[streaming quantize strided] tile    16 rows, 1337.00 ms,    0.18 GB/s
[streaming quantize strided] tile    16 rows, 1336.00 ms,    0.19 GB/s
[streaming quantize strided] tile    16 rows, 1336.00 ms,    0.19 GB/s
[streaming quantize strided] tile    16 rows, 1336.00 ms,    0.19 GB/s
[streaming quantize strided] tile    16 rows,   15.00 ms,   16.48 GB/s
[streaming quantize strided] tile    16 rows,   15.00 ms,   16.48 GB/s
[streaming quantize strided] tile    16 rows, 1525.00 ms,    0.16 GB/s
[streaming quantize strided] tile    16 rows, 1524.00 ms,    0.16 GB/s
[streaming quantize strided] tile    16 rows, 1453.00 ms,    0.17 GB/s
[streaming quantize strided] tile    16 rows, 1453.00 ms,    0.17 GB/s
[streaming quantize strided] tile    16 rows,   11.00 ms,   22.47 GB/s
[streaming quantize strided] tile    16 rows,   12.00 ms,   20.60 GB/s
[streaming quantize strided] tile    16 rows, 1812.00 ms,    0.14 GB/s
[streaming quantize strided] tile    16 rows, 1812.00 ms,    0.14 GB/s
[streaming quantize strided] tile    16 rows,   21.00 ms,   11.77 GB/s
[streaming quantize strided] tile    16 rows,   21.00 ms,   11.77 GB/s
[streaming quantize strided] tile    16 rows,   19.00 ms,   13.01 GB/s
[streaming quantize strided] tile    16 rows,   22.00 ms,   11.24 GB/s
[streaming quantize strided] tile    16 rows, 2309.00 ms,    0.11 GB/s
[streaming quantize strided] tile    16 rows, 2310.00 ms,    0.11 GB/s
[streaming quantize strided] tile    16 rows,   12.00 ms,   20.60 GB/s
[streaming quantize strided] tile    16 rows,   12.00 ms,   20.60 GB/s
[streaming quantize strided] tile    16 rows, 1257.00 ms,    0.20 GB/s
[streaming quantize strided] tile    16 rows, 1258.00 ms,    0.20 GB/s
[streaming quantize strided] tile    16 rows,   23.00 ms,   10.75 GB/s
[streaming quantize strided] tile    16 rows,   25.00 ms,    9.89 GB/s
[streaming quantize strided] tile    16 rows, 1310.00 ms,    0.19 GB/s
[streaming quantize strided] tile    16 rows, 1313.00 ms,    0.19 GB/s
[streaming quantize strided] tile    16 rows, 1507.00 ms,    0.16 GB/s
[streaming quantize strided] tile    16 rows, 1508.00 ms,    0.16 GB/s
[streaming quantize strided] tile    16 rows, 1512.00 ms,    0.16 GB/s
[streaming quantize strided] tile    16 rows, 1433.00 ms,    0.17 GB/s
[streaming quantize strided] tile    16 rows, 1512.00 ms,    0.16 GB/s
[streaming quantize strided] tile    16 rows, 1433.00 ms,    0.17 GB/s
[streaming quantize strided] tile    16 rows, 1606.00 ms,    0.15 GB/s
[streaming quantize strided] tile    16 rows, 1606.00 ms,    0.15 GB/s
[streaming quantize strided] tile    16 rows, 1614.00 ms,    0.15 GB/s
[streaming quantize strided] tile    16 rows, 1614.00 ms,    0.15 GB/s
[streaming quantize strided] tile    16 rows, 1740.00 ms,    0.14 GB/s
[streaming quantize strided] tile    16 rows, 1739.00 ms,    0.14 GB/s
[streaming quantize strided] tile    16 rows,   27.00 ms,    9.16 GB/s
[streaming quantize strided] tile    16 rows,   33.00 ms,    7.49 GB/s
[streaming quantize strided] tile    16 rows, 1569.00 ms,    0.16 GB/s
[streaming quantize strided] tile    16 rows, 1569.00 ms,    0.16 GB/s
[streaming quantize strided] tile    16 rows, 1705.00 ms,    0.14 GB/s
[streaming quantize strided] tile    16 rows, 1705.00 ms,    0.14 GB/s
[streaming quantize strided] tile    16 rows, 1836.00 ms,    0.13 GB/s
[streaming quantize strided] tile    16 rows, 1836.00 ms,    0.13 GB/s
[streaming quantize strided] tile    16 rows,  245.00 ms,    1.01 GB/s
[streaming quantize strided] tile    16 rows,  246.00 ms,    1.00 GB/s
[streaming quantize strided] tile    16 rows,  207.00 ms,    1.19 GB/s
[streaming quantize strided] tile    16 rows,  208.00 ms,    1.19 GB/s
[streaming quantize strided] tile    16 rows, 1586.00 ms,    0.16 GB/s
[streaming quantize strided] tile    16 rows, 1580.00 ms,    0.16 GB/s
[streaming quantize strided] tile    16 rows,  853.00 ms,    0.29 GB/s
[streaming quantize strided] tile    16 rows,  853.00 ms,    0.29 GB/s
[streaming quantize strided] tile    16 rows,  169.00 ms,    1.46 GB/s
[streaming quantize strided] tile    16 rows,  169.00 ms,    1.46 GB/s
[streaming quantize strided] tile    16 rows,  728.00 ms,    0.34 GB/s
[streaming quantize strided] tile    16 rows,  729.00 ms,    0.34 GB/s
[streaming quantize strided] tile    16 rows,   10.00 ms,   24.72 GB/s
[streaming quantize strided] tile    16 rows,   11.00 ms,   22.47 GB/s
[streaming quantize strided] tile    16 rows,  882.00 ms,    0.28 GB/s
[streaming quantize strided] tile    16 rows,  884.00 ms,    0.28 GB/s
[streaming quantize strided] tile    16 rows,   11.00 ms,   22.47 GB/s
[streaming quantize strided] tile    16 rows,   11.00 ms,   22.47 GB/s
[streaming quantize strided] tile    16 rows,  870.00 ms,    0.28 GB/s
[streaming quantize strided] tile    16 rows,  870.00 ms,    0.28 GB/s
[streaming quantize strided] tile    16 rows,  517.00 ms,    0.48 GB/s
[streaming quantize strided] tile    16 rows,  517.00 ms,    0.48 GB/s
[streaming quantize strided] tile    16 rows,   12.00 ms,   20.60 GB/s
[streaming quantize strided] tile    16 rows,   12.00 ms,   20.60 GB/s
[streaming quantize strided] tile    16 rows, 1748.00 ms,    0.14 GB/s
[streaming quantize strided] tile    16 rows, 1748.00 ms,    0.14 GB/s
[streaming quantize strided] tile    16 rows,   27.00 ms,    9.16 GB/s
[streaming quantize strided] tile    16 rows,   28.00 ms,    8.83 GB/s
[streaming quantize strided] tile    16 rows,   21.00 ms,   11.77 GB/s
[streaming quantize strided] tile    16 rows,   21.00 ms,   11.77 GB/s
[streaming quantize strided] tile    16 rows, 1878.00 ms,    0.13 GB/s
[streaming quantize strided] tile    16 rows, 1878.00 ms,    0.13 GB/s
[streaming quantize strided] tile    16 rows,  319.00 ms,    0.77 GB/s
[streaming quantize strided] tile    16 rows,   87.00 ms,    2.84 GB/s
[streaming quantize strided] tile    16 rows,   88.00 ms,    2.81 GB/s
[streaming quantize strided] tile    16 rows,  325.00 ms,    0.76 GB/s
[streaming quantize strided] tile    16 rows,   33.00 ms,    7.49 GB/s
[streaming quantize strided] tile    16 rows,   43.00 ms,    5.75 GB/s
[streaming quantize strided] tile    16 rows,  195.00 ms,    1.27 GB/s
[streaming quantize strided] tile    16 rows,  196.00 ms,    1.26 GB/s
[streaming quantize strided] tile    16 rows,  143.00 ms,    1.73 GB/s
[streaming quantize strided] tile    16 rows,  153.00 ms,    1.62 GB/s
[streaming quantize strided] tile    16 rows,  428.00 ms,    0.58 GB/s
[streaming quantize strided] tile    16 rows,  429.00 ms,    0.58 GB/s
[streaming quantize strided] tile    16 rows,   14.00 ms,   17.66 GB/s
[streaming quantize strided] tile    16 rows,   14.00 ms,   17.66 GB/s
[streaming quantize strided] tile    16 rows,  416.00 ms,    0.59 GB/s
[streaming quantize strided] tile    16 rows,  417.00 ms,    0.59 GB/s
[streaming quantize strided] tile    16 rows,  478.00 ms,    0.52 GB/s
[streaming quantize strided] tile    16 rows,  485.00 ms,    0.51 GB/s
[streaming quantize strided] tile    16 rows,  717.00 ms,    0.34 GB/s
[streaming quantize strided] tile    16 rows,  717.00 ms,    0.34 GB/s
[streaming quantize strided] tile    16 rows, 1078.00 ms,    0.23 GB/s
[streaming quantize strided] tile    16 rows, 1078.00 ms,    0.23 GB/s
[streaming quantize strided] tile    16 rows, 1098.00 ms,    0.23 GB/s
[streaming quantize strided] tile    16 rows, 1099.00 ms,    0.22 GB/s
[streaming quantize strided] tile    16 rows,  896.00 ms,    0.28 GB/s
[streaming quantize strided] tile    16 rows,  896.00 ms,    0.28 GB/s
[streaming quantize strided] tile    16 rows,  852.00 ms,    0.29 GB/s
[streaming quantize strided] tile    16 rows,  852.00 ms,    0.29 GB/s
[streaming quantize strided] tile    16 rows,  849.00 ms,    0.29 GB/s
[streaming quantize strided] tile    16 rows,  850.00 ms,    0.29 GB/s
[streaming quantize strided] tile    16 rows,  700.00 ms,    0.35 GB/s
[streaming quantize strided] tile    16 rows,   32.00 ms,    7.72 GB/s
[streaming quantize strided] tile    16 rows,  701.00 ms,    0.35 GB/s
[streaming quantize strided] tile    16 rows,   34.00 ms,    7.27 GB/s
[streaming quantize strided] tile    16 rows,  129.00 ms,    1.92 GB/s
[streaming quantize strided] tile    16 rows,  130.00 ms,    1.90 GB/s
[streaming quantize strided] tile    16 rows,   64.00 ms,    3.86 GB/s
[streaming quantize strided] tile    16 rows,   63.00 ms,    3.92 GB/s
[streaming quantize strided] tile    16 rows,  278.00 ms,    0.89 GB/s
[streaming quantize strided] tile    16 rows,  277.00 ms,    0.89 GB/s
[streaming quantize strided] tile    16 rows,  230.00 ms,    1.07 GB/s
[streaming quantize strided] tile    16 rows,  231.00 ms,    1.07 GB/s
[streaming quantize strided] tile    16 rows,  449.00 ms,    0.55 GB/s
[streaming quantize strided] tile    16 rows,  450.00 ms,    0.55 GB/s
[streaming quantize strided] tile    16 rows,  483.00 ms,    0.51 GB/s
[streaming quantize strided] tile    16 rows,  484.00 ms,    0.51 GB/s
[streaming quantize strided] tile    16 rows,   12.00 ms,   20.60 GB/s
[streaming quantize strided] tile    16 rows,   13.00 ms,   19.01 GB/s
[streaming quantize strided] tile    16 rows,  563.00 ms,    0.44 GB/s
[streaming quantize strided] tile    16 rows,  563.00 ms,    0.44 GB/s
[streaming quantize strided] tile    16 rows,   12.00 ms,   20.60 GB/s
[streaming quantize strided] tile    16 rows,   12.00 ms,   20.60 GB/s
[streaming quantize strided] tile    16 rows,  743.00 ms,    0.33 GB/s
[streaming quantize strided] tile    16 rows,  744.00 ms,    0.33 GB/s
[streaming quantize strided] tile    16 rows,   11.00 ms,   22.47 GB/s
[streaming quantize strided] tile    16 rows,   10.00 ms,   24.72 GB/s
[streaming quantize strided] tile    16 rows, 1370.00 ms,    0.18 GB/s
[streaming quantize strided] tile    16 rows, 1372.00 ms,    0.18 GB/s
[streaming quantize strided] tile    16 rows,   23.00 ms,   10.75 GB/s
[streaming quantize strided] tile    16 rows,   24.00 ms,   10.30 GB/s
[streaming quantize strided] tile    16 rows, 1753.00 ms,    0.14 GB/s
[streaming quantize strided] tile    16 rows, 1753.00 ms,    0.14 GB/s
[streaming quantize strided] tile    16 rows,   26.00 ms,    9.51 GB/s
[streaming quantize strided] tile    16 rows,   28.00 ms,    8.83 GB/s
[streaming quantize strided] tile    16 rows,   23.00 ms,   10.75 GB/s
[streaming quantize strided] tile    16 rows,   24.00 ms,   10.30 GB/s
[streaming quantize strided] tile    16 rows,  569.00 ms,    0.43 GB/s
[streaming quantize strided] tile    16 rows,  568.00 ms,    0.44 GB/s
[streaming quantize strided] tile    16 rows,  468.00 ms,    0.53 GB/s
[streaming quantize strided] tile    16 rows,  467.00 ms,    0.53 GB/s
[streaming quantize strided] tile    16 rows,  792.00 ms,    0.31 GB/s
[streaming quantize strided] tile    16 rows,  793.00 ms,    0.31 GB/s
[streaming quantize strided] tile    16 rows,  652.00 ms,    0.38 GB/s
[streaming quantize strided] tile    16 rows,  651.00 ms,    0.38 GB/s
[streaming quantize strided] tile    16 rows, 1094.00 ms,    0.23 GB/s
[streaming quantize strided] tile    16 rows, 1093.00 ms,    0.23 GB/s
[streaming quantize strided] tile    16 rows, 1166.00 ms,    0.21 GB/s
[streaming quantize strided] tile    16 rows, 1166.00 ms,    0.21 GB/s
[streaming quantize strided] tile    16 rows,  908.00 ms,    0.27 GB/s
[streaming quantize strided] tile    16 rows,  908.00 ms,    0.27 GB/s
[streaming quantize strided] tile    16 rows, 1216.00 ms,    0.20 GB/s
[streaming quantize strided] tile    16 rows, 1216.00 ms,    0.20 GB/s
[streaming quantize strided] tile    16 rows,   10.00 ms,   24.72 GB/s
[streaming quantize strided] tile    16 rows,   11.00 ms,   22.47 GB/s
[streaming quantize strided] tile    16 rows,  952.00 ms,    0.26 GB/s
[streaming quantize strided] tile    16 rows,  952.00 ms,    0.26 GB/s
[streaming quantize strided] tile    16 rows, 1047.00 ms,    0.24 GB/s
[streaming quantize strided] tile    16 rows, 1047.00 ms,    0.24 GB/s
[streaming quantize strided] tile    16 rows,  937.00 ms,    0.26 GB/s
[streaming quantize strided] tile    16 rows,  937.00 ms,    0.26 GB/s
[streaming quantize strided] tile    16 rows, 1808.00 ms,    0.14 GB/s
[streaming quantize strided] tile    16 rows, 1808.00 ms,    0.14 GB/s
[streaming quantize strided] tile    16 rows, 1774.00 ms,    0.14 GB/s
[streaming quantize strided] tile    16 rows, 1775.00 ms,    0.14 GB/s
[streaming quantize strided] tile    16 rows, 2058.00 ms,    0.12 GB/s
[streaming quantize strided] tile    16 rows, 2058.00 ms,    0.12 GB/s
[streaming quantize strided] tile    16 rows,   28.00 ms,    8.83 GB/s
[streaming quantize strided] tile    16 rows,   34.00 ms,    7.27 GB/s
[streaming quantize strided] tile    16 rows, 1570.00 ms,    0.16 GB/s
[streaming quantize strided] tile    16 rows, 1570.00 ms,    0.16 GB/s
[streaming quantize strided] tile    16 rows, 1679.00 ms,    0.15 GB/s
[streaming quantize strided] tile    16 rows, 1679.00 ms,    0.15 GB/s
[streaming quantize strided] tile    16 rows, 1865.00 ms,    0.13 GB/s
[streaming quantize strided] tile    16 rows, 1865.00 ms,    0.13 GB/s
[streaming quantize strided] tile    16 rows, 1553.00 ms,    0.16 GB/s
[streaming quantize strided] tile    16 rows, 1547.00 ms,    0.16 GB/s
[streaming quantize strided] tile    16 rows, 1388.00 ms,    0.18 GB/s
[streaming quantize strided] tile    16 rows, 1388.00 ms,    0.18 GB/s
[streaming quantize strided] tile    16 rows,   11.00 ms,   22.47 GB/s
[streaming quantize strided] tile    16 rows,   14.00 ms,   17.66 GB/s
[streaming quantize strided] tile    16 rows, 1362.00 ms,    0.18 GB/s
[streaming quantize strided] tile    16 rows, 1362.00 ms,    0.18 GB/s
[streaming quantize strided] tile    16 rows,   11.00 ms,   22.47 GB/s
[streaming quantize strided] tile    16 rows,   11.00 ms,   22.47 GB/s
[streaming quantize strided] tile    16 rows, 1028.00 ms,    0.24 GB/s
[streaming quantize strided] tile    16 rows, 1029.00 ms,    0.24 GB/s
[streaming quantize strided] tile    16 rows,   10.00 ms,   24.72 GB/s
[streaming quantize strided] tile    16 rows,   10.00 ms,   24.72 GB/s
[streaming quantize strided] tile    16 rows, 1056.00 ms,    0.23 GB/s
[streaming quantize strided] tile    16 rows, 1056.00 ms,    0.23 GB/s
[streaming quantize strided] tile    16 rows, 1973.00 ms,    0.13 GB/s
[streaming quantize strided] tile    16 rows, 1974.00 ms,    0.13 GB/s
[streaming quantize strided] tile    16 rows,   22.00 ms,   11.24 GB/s
[streaming quantize strided] tile    16 rows,   24.00 ms,   10.30 GB/s
[streaming quantize strided] tile    16 rows,   37.00 ms,    6.68 GB/s
[streaming quantize strided] tile    16 rows,   37.00 ms,    6.68 GB/s
[streaming quantize strided] tile    16 rows,   23.00 ms,   10.75 GB/s
[streaming quantize strided] tile    16 rows,   23.00 ms,   10.75 GB/s
[streaming quantize strided] tile    16 rows,  678.00 ms,    0.36 GB/s
[streaming quantize strided] tile    16 rows,  676.00 ms,    0.37 GB/s
[streaming quantize strided] tile    16 rows, 1074.00 ms,    0.23 GB/s
[streaming quantize strided] tile    16 rows, 1075.00 ms,    0.23 GB/s
[streaming quantize strided] tile    16 rows,  809.00 ms,    0.31 GB/s
[streaming quantize strided] tile    16 rows,  811.00 ms,    0.30 GB/s
[streaming quantize strided] tile    16 rows,  903.00 ms,    0.27 GB/s
[streaming quantize strided] tile    16 rows,  904.00 ms,    0.27 GB/s
[streaming quantize strided] tile    16 rows, 1514.00 ms,    0.16 GB/s
[streaming quantize strided] tile    16 rows, 1514.00 ms,    0.16 GB/s
[streaming quantize strided] tile    16 rows, 1973.00 ms,    0.13 GB/s
[streaming quantize strided] tile    16 rows, 1974.00 ms,    0.13 GB/s
[streaming quantize strided] tile    16 rows, 1566.00 ms,    0.16 GB/s
[streaming quantize strided] tile    16 rows, 1566.00 ms,    0.16 GB/s
[streaming quantize strided] tile    16 rows, 1506.00 ms,    0.16 GB/s
[streaming quantize strided] tile    16 rows, 1505.00 ms,    0.16 GB/s
[streaming quantize strided] tile    16 rows, 1518.00 ms,    0.16 GB/s
[streaming quantize strided] tile    16 rows, 1518.00 ms,    0.16 GB/s
[streaming quantize strided] tile    16 rows, 1823.00 ms,    0.14 GB/s
[streaming quantize strided] tile    16 rows, 1823.00 ms,    0.14 GB/s
[streaming quantize strided] tile    16 rows, 1839.00 ms,    0.13 GB/s
[streaming quantize strided] tile    16 rows, 1839.00 ms,    0.13 GB/s
[streaming quantize strided] tile    16 rows, 1282.00 ms,    0.19 GB/s
[streaming quantize strided] tile    16 rows, 1282.00 ms,    0.19 GB/s
[streaming quantize strided] tile    16 rows, 2642.00 ms,    0.09 GB/s
[streaming quantize strided] tile    16 rows, 2642.00 ms,    0.09 GB/s
[streaming quantize strided] tile    16 rows,   13.00 ms,   19.01 GB/s
[streaming quantize strided] tile    16 rows,   14.00 ms,   17.66 GB/s
[streaming quantize strided] tile    16 rows, 1146.00 ms,    0.22 GB/s
[streaming quantize strided] tile    16 rows, 1146.00 ms,    0.22 GB/s
[streaming quantize strided] tile    16 rows, 1258.00 ms,    0.20 GB/s
[streaming quantize strided] tile    16 rows, 1273.00 ms,    0.19 GB/s
[streaming quantize strided] tile    16 rows, 1170.00 ms,    0.21 GB/s
[streaming quantize strided] tile    16 rows, 1170.00 ms,    0.21 GB/s
[streaming quantize strided] tile    16 rows, 1341.00 ms,    0.18 GB/s
[streaming quantize strided] tile    16 rows, 1341.00 ms,    0.18 GB/s
[streaming quantize strided] tile    16 rows, 1236.00 ms,    0.20 GB/s
[streaming quantize strided] tile    16 rows, 1221.00 ms,    0.20 GB/s
[streaming quantize strided] tile    16 rows, 1380.00 ms,    0.18 GB/s
[streaming quantize strided] tile    16 rows, 1381.00 ms,    0.18 GB/s
[streaming quantize strided] tile    16 rows,   11.00 ms,   22.47 GB/s
[streaming quantize strided] tile    16 rows,   11.00 ms,   22.47 GB/s
[streaming quantize strided] tile    16 rows, 1171.00 ms,    0.21 GB/s
[streaming quantize strided] tile    16 rows, 1172.00 ms,    0.21 GB/s
[streaming quantize strided] tile    16 rows,   14.00 ms,   17.66 GB/s
[streaming quantize strided] tile    16 rows,   13.00 ms,   19.01 GB/s
[streaming quantize strided] tile    16 rows, 1294.00 ms,    0.19 GB/s
[streaming quantize strided] tile    16 rows, 1294.00 ms,    0.19 GB/s
[streaming quantize strided] tile    16 rows,   11.00 ms,   22.47 GB/s
[streaming quantize strided] tile    16 rows,   11.00 ms,   22.47 GB/s
[streaming quantize strided] tile    16 rows,   29.00 ms,    8.52 GB/s
[streaming quantize strided] tile    16 rows,   33.00 ms,    7.49 GB/s
[streaming quantize strided] tile    16 rows,   25.00 ms,    9.89 GB/s
[streaming quantize strided] tile    16 rows,   27.00 ms,    9.16 GB/s
[streaming quantize strided] tile    16 rows, 1366.00 ms,    0.18 GB/s
[streaming quantize strided] tile    16 rows, 1362.00 ms,    0.18 GB/s
[streaming quantize strided] tile    16 rows,   24.00 ms,   10.30 GB/s
[streaming quantize strided] tile    16 rows,   30.00 ms,    8.24 GB/s
[streaming quantize strided] tile    16 rows,   26.00 ms,    9.51 GB/s
[streaming quantize strided] tile    16 rows,   27.00 ms,    9.16 GB/s
[streaming quantize strided] tile    16 rows, 1872.00 ms,    0.13 GB/s
[streaming quantize strided] tile    16 rows, 1871.00 ms,    0.13 GB/s
[streaming quantize strided] tile    16 rows, 2134.00 ms,    0.12 GB/s
[streaming quantize strided] tile    16 rows, 2134.00 ms,    0.12 GB/s
[streaming quantize strided] tile    16 rows, 1447.00 ms,    0.17 GB/s
[streaming quantize strided] tile    16 rows, 1441.00 ms,    0.17 GB/s
[streaming quantize strided] tile    16 rows, 1498.00 ms,    0.17 GB/s
[streaming quantize strided] tile    16 rows, 1499.00 ms,    0.16 GB/s
[streaming quantize strided] tile    16 rows, 1498.00 ms,    0.17 GB/s
[streaming quantize strided] tile    16 rows, 1498.00 ms,    0.17 GB/s
[streaming quantize strided] tile    16 rows, 1494.00 ms,    0.17 GB/s
[streaming quantize strided] tile    16 rows, 1495.00 ms,    0.17 GB/s
[streaming quantize strided] tile    16 rows, 1882.00 ms,    0.13 GB/s
[streaming quantize strided] tile    16 rows, 1883.00 ms,    0.13 GB/s
[streaming quantize strided] tile    16 rows, 1362.00 ms,    0.18 GB/s
[streaming quantize strided] tile    16 rows, 1362.00 ms,    0.18 GB/s
[streaming quantize strided] tile    16 rows, 1392.00 ms,    0.18 GB/s
[streaming quantize strided] tile    16 rows, 1393.00 ms,    0.18 GB/s
[streaming quantize strided] tile    16 rows, 1137.00 ms,    0.22 GB/s
[streaming quantize strided] tile    16 rows, 1136.00 ms,    0.22 GB/s
[streaming quantize strided] tile    16 rows, 1062.00 ms,    0.23 GB/s
[streaming quantize strided] tile    16 rows, 1062.00 ms,    0.23 GB/s
[streaming quantize strided] tile    16 rows, 1360.00 ms,    0.18 GB/s
[streaming quantize strided] tile    16 rows, 1361.00 ms,    0.18 GB/s
[streaming quantize strided] tile    16 rows, 1085.00 ms,    0.23 GB/s
[streaming quantize strided] tile    16 rows, 1084.00 ms,    0.23 GB/s
[streaming quantize strided] tile    16 rows,  729.00 ms,    0.34 GB/s
[streaming quantize strided] tile    16 rows,  730.00 ms,    0.34 GB/s
[streaming quantize strided] tile    16 rows,  765.00 ms,    0.32 GB/s
[streaming quantize strided] tile    16 rows,  766.00 ms,    0.32 GB/s
[streaming quantize strided] tile    16 rows,  825.00 ms,    0.30 GB/s
[streaming quantize strided] tile    16 rows,  825.00 ms,    0.30 GB/s
[streaming quantize strided] tile    16 rows, 1026.00 ms,    0.24 GB/s
[streaming quantize strided] tile    16 rows, 1027.00 ms,    0.24 GB/s
[streaming quantize strided] tile    16 rows,  833.00 ms,    0.30 GB/s
[streaming quantize strided] tile    16 rows,  832.00 ms,    0.30 GB/s
[streaming quantize strided] tile    16 rows, 1005.00 ms,    0.25 GB/s
[streaming quantize strided] tile    16 rows, 1004.00 ms,    0.25 GB/s
[streaming quantize strided] tile    16 rows,  986.00 ms,    0.25 GB/s
[streaming quantize strided] tile    16 rows,  987.00 ms,    0.25 GB/s
[streaming quantize strided] tile    16 rows,   11.00 ms,   22.47 GB/s
[streaming quantize strided] tile    16 rows,   11.00 ms,   22.47 GB/s
[streaming quantize strided] tile    16 rows, 1352.00 ms,    0.18 GB/s
[streaming quantize strided] tile    16 rows, 1351.00 ms,    0.18 GB/s
[streaming quantize strided] tile    16 rows,   11.00 ms,   22.47 GB/s
[streaming quantize strided] tile    16 rows,   12.00 ms,   20.60 GB/s
[streaming quantize strided] tile    16 rows, 1115.00 ms,    0.22 GB/s
[streaming quantize strided] tile    16 rows, 1115.00 ms,    0.22 GB/s
[streaming quantize strided] tile    16 rows,   11.00 ms,   22.47 GB/s
[streaming quantize strided] tile    16 rows,   11.00 ms,   22.47 GB/s
[streaming quantize strided] tile    16 rows, 1077.00 ms,    0.23 GB/s
[streaming quantize strided] tile    16 rows, 1078.00 ms,    0.23 GB/s
[streaming quantize strided] tile    16 rows,   11.00 ms,   22.47 GB/s
[streaming quantize strided] tile    16 rows,   12.00 ms,   20.60 GB/s
[streaming quantize strided] tile    16 rows,   26.00 ms,    9.51 GB/s
[streaming quantize strided] tile    16 rows,   25.00 ms,    9.89 GB/s
[streaming quantize strided] tile    16 rows,   22.00 ms,   11.24 GB/s
[streaming quantize strided] tile    16 rows,   24.00 ms,   10.30 GB/s
[streaming quantize strided] tile    16 rows,   22.00 ms,   11.24 GB/s
[streaming quantize strided] tile    16 rows,   20.00 ms,   12.36 GB/s
[streaming quantize strided] tile    16 rows, 1445.00 ms,    0.17 GB/s
[streaming quantize strided] tile    16 rows, 1445.00 ms,    0.17 GB/s
[streaming quantize strided] tile    16 rows,   19.00 ms,   13.01 GB/s
[streaming quantize strided] tile    16 rows,   19.00 ms,   13.01 GB/s
[streaming quantize strided] tile    16 rows, 1229.00 ms,    0.20 GB/s
[streaming quantize strided] tile    16 rows, 1228.00 ms,    0.20 GB/s
[streaming quantize strided] tile    16 rows, 1440.00 ms,    0.17 GB/s
[streaming quantize strided] tile    16 rows, 1440.00 ms,    0.17 GB/s
[streaming quantize strided] tile    16 rows, 1386.00 ms,    0.18 GB/s
[streaming quantize strided] tile    16 rows, 1386.00 ms,    0.18 GB/s
[streaming quantize strided] tile    16 rows, 1645.00 ms,    0.15 GB/s
[streaming quantize strided] tile    16 rows, 1645.00 ms,    0.15 GB/s
[streaming quantize strided] tile    16 rows, 1650.00 ms,    0.15 GB/s
[streaming quantize strided] tile    16 rows, 1650.00 ms,    0.15 GB/s
[streaming quantize strided] tile    16 rows, 1765.00 ms,    0.14 GB/s
[streaming quantize strided] tile    16 rows, 1766.00 ms,    0.14 GB/s
[streaming quantize strided] tile    16 rows, 1898.00 ms,    0.13 GB/s
[streaming quantize strided] tile    16 rows, 1898.00 ms,    0.13 GB/s
[streaming quantize strided] tile    16 rows, 1142.00 ms,    0.22 GB/s
[streaming quantize strided] tile    16 rows, 1143.00 ms,    0.22 GB/s
[streaming quantize strided] tile    16 rows, 2714.00 ms,    0.09 GB/s
[streaming quantize strided] tile    16 rows, 2714.00 ms,    0.09 GB/s
[streaming quantize strided] tile    16 rows, 1535.00 ms,    0.16 GB/s
[streaming quantize strided] tile    16 rows, 1536.00 ms,    0.16 GB/s
[streaming quantize strided] tile    16 rows, 1651.00 ms,    0.15 GB/s
[streaming quantize strided] tile    16 rows, 1651.00 ms,    0.15 GB/s
[streaming quantize strided] tile    16 rows, 1417.00 ms,    0.17 GB/s
[streaming quantize strided] tile    16 rows, 1417.00 ms,    0.17 GB/s
[streaming quantize strided] tile    16 rows, 1398.00 ms,    0.18 GB/s
[streaming quantize strided] tile    16 rows, 1398.00 ms,    0.18 GB/s
[streaming quantize strided] tile    16 rows, 1230.00 ms,    0.20 GB/s
[streaming quantize strided] tile    16 rows, 1230.00 ms,    0.20 GB/s
[streaming quantize strided] tile    16 rows, 1227.00 ms,    0.20 GB/s
[streaming quantize strided] tile    16 rows, 1228.00 ms,    0.20 GB/s
[streaming quantize strided] tile    16 rows, 2114.00 ms,    0.12 GB/s
[streaming quantize strided] tile    16 rows, 2114.00 ms,    0.12 GB/s
[streaming quantize strided] tile    16 rows, 1334.00 ms,    0.19 GB/s
[streaming quantize strided] tile    16 rows, 1334.00 ms,    0.19 GB/s
[streaming quantize strided] tile    16 rows,   11.00 ms,   22.47 GB/s
[streaming quantize strided] tile    16 rows,   11.00 ms,   22.47 GB/s
[streaming quantize strided] tile    16 rows, 1334.00 ms,    0.19 GB/s
[streaming quantize strided] tile    16 rows, 1335.00 ms,    0.19 GB/s
[streaming quantize strided] tile    16 rows,   11.00 ms,   22.47 GB/s
[streaming quantize strided] tile    16 rows,   11.00 ms,   22.47 GB/s
[streaming quantize strided] tile    16 rows, 2171.00 ms,    0.11 GB/s
[streaming quantize strided] tile    16 rows, 2172.00 ms,    0.11 GB/s
[streaming quantize strided] tile    16 rows, 1112.00 ms,    0.22 GB/s
[streaming quantize strided] tile    16 rows, 1111.00 ms,    0.22 GB/s
[streaming quantize strided] tile    16 rows, 1262.00 ms,    0.20 GB/s
[streaming quantize strided] tile    16 rows, 1261.00 ms,    0.20 GB/s
[streaming quantize strided] tile    16 rows, 1294.00 ms,    0.19 GB/s
[streaming quantize strided] tile    16 rows, 1294.00 ms,    0.19 GB/s
[streaming quantize strided] tile    16 rows,   12.00 ms,   20.60 GB/s
[streaming quantize strided] tile    16 rows,   12.00 ms,   20.60 GB/s
[streaming quantize strided] tile    16 rows,  120.00 ms,    2.06 GB/s
[streaming quantize strided] tile    16 rows,  123.00 ms,    2.01 GB/s
[streaming quantize strided] tile    16 rows,   25.00 ms,    9.89 GB/s
[streaming quantize strided] tile    16 rows,   30.00 ms,    8.24 GB/s
[streaming quantize strided] tile    16 rows, 1504.00 ms,    0.16 GB/s
[streaming quantize strided] tile    16 rows, 1504.00 ms,    0.16 GB/s
[streaming quantize strided] tile    16 rows,   10.00 ms,   24.72 GB/s
[streaming quantize strided] tile    16 rows,   11.00 ms,   22.47 GB/s
[streaming quantize strided] tile    16 rows, 1461.00 ms,    0.17 GB/s
[streaming quantize strided] tile    16 rows, 1459.00 ms,    0.17 GB/s
[streaming quantize strided] tile    16 rows, 1075.00 ms,    0.23 GB/s
[streaming quantize strided] tile    16 rows, 1071.00 ms,    0.23 GB/s
[streaming quantize strided] tile    16 rows,  913.00 ms,    0.27 GB/s
[streaming quantize strided] tile    16 rows,  913.00 ms,    0.27 GB/s
[streaming quantize strided] tile    16 rows,   23.00 ms,   10.75 GB/s
[streaming quantize strided] tile    16 rows,   25.00 ms,    9.89 GB/s
[streaming quantize strided] tile    16 rows,  857.00 ms,    0.29 GB/s
[streaming quantize strided] tile    16 rows,  857.00 ms,    0.29 GB/s
[streaming quantize strided] tile    16 rows,   29.00 ms,    8.52 GB/s
[streaming quantize strided] tile    16 rows,   25.00 ms,    9.89 GB/s
[streaming quantize strided] tile    16 rows, 1120.00 ms,    0.22 GB/s
[streaming quantize strided] tile    16 rows, 1118.00 ms,    0.22 GB/s
[streaming quantize strided] tile    16 rows, 1304.00 ms,    0.19 GB/s
[streaming quantize strided] tile    16 rows, 1321.00 ms,    0.19 GB/s
[streaming quantize strided] tile    16 rows, 1322.00 ms,    0.19 GB/s
[streaming quantize strided] tile    16 rows, 1305.00 ms,    0.19 GB/s
[streaming quantize strided] tile    16 rows, 1519.00 ms,    0.16 GB/s
[streaming quantize strided] tile    16 rows, 1521.00 ms,    0.16 GB/s
[streaming quantize strided] tile    16 rows, 1346.00 ms,    0.18 GB/s
[streaming quantize strided] tile    16 rows, 1347.00 ms,    0.18 GB/s
[streaming quantize strided] tile    16 rows, 1372.00 ms,    0.18 GB/s
[streaming quantize strided] tile    16 rows, 1371.00 ms,    0.18 GB/s
[streaming quantize strided] tile    16 rows, 1474.00 ms,    0.17 GB/s
[streaming quantize strided] tile    16 rows, 1481.00 ms,    0.17 GB/s
[streaming quantize strided] tile    16 rows, 1580.00 ms,    0.16 GB/s
[streaming quantize strided] tile    16 rows, 1580.00 ms,    0.16 GB/s
[streaming quantize strided] tile    16 rows, 1492.00 ms,    0.17 GB/s
[streaming quantize strided] tile    16 rows, 1500.00 ms,    0.16 GB/s
[streaming quantize strided] tile    16 rows, 1748.00 ms,    0.14 GB/s
[streaming quantize strided] tile    16 rows, 1663.00 ms,    0.15 GB/s
[streaming quantize strided] tile    16 rows, 1663.00 ms,    0.15 GB/s
[streaming quantize strided] tile    16 rows, 1748.00 ms,    0.14 GB/s
[streaming quantize strided] tile    16 rows, 1789.00 ms,    0.14 GB/s
[streaming quantize strided] tile    16 rows, 1790.00 ms,    0.14 GB/s
[streaming quantize strided] tile    16 rows, 1523.00 ms,    0.16 GB/s
[streaming quantize strided] tile    16 rows, 1523.00 ms,    0.16 GB/s
[streaming quantize strided] tile    16 rows,   15.00 ms,   16.48 GB/s
[streaming quantize strided] tile    16 rows,   15.00 ms,   16.48 GB/s
[streaming quantize strided] tile    16 rows, 1704.00 ms,    0.15 GB/s
[streaming quantize strided] tile    16 rows, 1704.00 ms,    0.15 GB/s
[streaming quantize strided] tile    16 rows,   11.00 ms,   22.47 GB/s
[streaming quantize strided] tile    16 rows,   11.00 ms,   22.47 GB/s
[streaming quantize strided] tile    16 rows, 1711.00 ms,    0.14 GB/s
[streaming quantize strided] tile    16 rows, 1710.00 ms,    0.14 GB/s
[streaming quantize strided] tile    16 rows, 1164.00 ms,    0.21 GB/s
[streaming quantize strided] tile    16 rows, 1164.00 ms,    0.21 GB/s
[streaming quantize strided] tile    16 rows, 1814.00 ms,    0.14 GB/s
[streaming quantize strided] tile    16 rows, 1815.00 ms,    0.14 GB/s
[streaming quantize strided] tile    16 rows, 1814.00 ms,    0.14 GB/s
[streaming quantize strided] tile    16 rows, 1816.00 ms,    0.14 GB/s
[streaming quantize strided] tile    16 rows,   23.00 ms,   10.75 GB/s
[streaming quantize strided] tile    16 rows,   25.00 ms,    9.89 GB/s
[streaming quantize strided] tile    16 rows,   20.00 ms,   12.36 GB/s
[streaming quantize strided] tile    16 rows,   22.00 ms,   11.24 GB/s
[streaming quantize strided] tile    16 rows, 1730.00 ms,    0.14 GB/s
[streaming quantize strided] tile    16 rows, 1731.00 ms,    0.14 GB/s
[streaming quantize strided] tile    16 rows,   11.00 ms,   22.47 GB/s
[streaming quantize strided] tile    16 rows,   11.00 ms,   22.47 GB/s
[streaming quantize strided] tile    16 rows, 1744.00 ms,    0.14 GB/s
[streaming quantize strided] tile    16 rows, 1746.00 ms,    0.14 GB/s
[streaming quantize strided] tile    16 rows,   15.00 ms,   16.48 GB/s
[streaming quantize strided] tile    16 rows,   17.00 ms,   14.54 GB/s
[streaming quantize strided] tile    16 rows, 1152.00 ms,    0.21 GB/s
[streaming quantize strided] tile    16 rows, 1153.00 ms,    0.21 GB/s
[streaming quantize strided] tile    16 rows, 1451.00 ms,    0.17 GB/s
[streaming quantize strided] tile    16 rows, 1450.00 ms,    0.17 GB/s
[streaming quantize strided] tile    16 rows, 1565.00 ms,    0.16 GB/s
[streaming quantize strided] tile    16 rows, 1565.00 ms,    0.16 GB/s
[streaming quantize strided] tile    16 rows, 1527.00 ms,    0.16 GB/s
[streaming quantize strided] tile    16 rows, 1528.00 ms,    0.16 GB/s
[streaming quantize strided] tile    16 rows,   23.00 ms,   10.75 GB/s
[streaming quantize strided] tile    16 rows,   24.00 ms,   10.30 GB/s
[streaming quantize strided] tile    16 rows,   15.00 ms,   16.48 GB/s
[streaming quantize strided] tile    16 rows,   16.00 ms,   15.45 GB/s
[streaming quantize strided] tile    16 rows, 1441.00 ms,    0.17 GB/s
[streaming quantize strided] tile    16 rows, 1441.00 ms,    0.17 GB/s
[streaming quantize strided] tile    16 rows, 1545.00 ms,    0.16 GB/s
[streaming quantize strided] tile    16 rows, 1545.00 ms,    0.16 GB/s
[streaming quantize strided] tile    16 rows, 1421.00 ms,    0.17 GB/s
[streaming quantize strided] tile    16 rows, 1417.00 ms,    0.17 GB/s
[streaming quantize strided] tile    16 rows, 1548.00 ms,    0.16 GB/s
[streaming quantize strided] tile    16 rows, 1549.00 ms,    0.16 GB/s
[streaming quantize strided] tile    16 rows, 1311.00 ms,    0.19 GB/s
[streaming quantize strided] tile    16 rows, 1312.00 ms,    0.19 GB/s
[streaming quantize strided] tile    16 rows, 1361.00 ms,    0.18 GB/s
[streaming quantize strided] tile    16 rows, 1362.00 ms,    0.18 GB/s
[streaming quantize strided] tile    16 rows, 1436.00 ms,    0.17 GB/s
[streaming quantize strided] tile    16 rows, 1436.00 ms,    0.17 GB/s
[streaming quantize strided] tile    16 rows, 1598.00 ms,    0.15 GB/s
[streaming quantize strided] tile    16 rows, 1597.00 ms,    0.15 GB/s
[streaming quantize strided] tile    16 rows, 1931.00 ms,    0.13 GB/s
[streaming quantize strided] tile    16 rows, 1931.00 ms,    0.13 GB/s
[streaming quantize strided] tile    16 rows, 1335.00 ms,    0.19 GB/s
[streaming quantize strided] tile    16 rows, 1335.00 ms,    0.19 GB/s
[streaming quantize strided] tile    16 rows,  987.00 ms,    0.25 GB/s
[streaming quantize strided] tile    16 rows,  988.00 ms,    0.25 GB/s
[streaming quantize strided] tile    16 rows, 1260.00 ms,    0.20 GB/s
[streaming quantize strided] tile    16 rows, 1260.00 ms,    0.20 GB/s
[streaming quantize strided] tile    16 rows,   12.00 ms,   20.60 GB/s
[streaming quantize strided] tile    16 rows,   12.00 ms,   20.60 GB/s
[streaming quantize strided] tile    16 rows,  980.00 ms,    0.25 GB/s
[streaming quantize strided] tile    16 rows,  981.00 ms,    0.25 GB/s
[streaming quantize strided] tile    16 rows, 1161.00 ms,    0.21 GB/s
[streaming quantize strided] tile    16 rows, 1162.00 ms,    0.21 GB/s
[streaming quantize strided] tile    16 rows,   14.00 ms,   17.66 GB/s
[streaming quantize strided] tile    16 rows,   15.00 ms,   16.48 GB/s
[streaming quantize strided] tile    16 rows, 1439.00 ms,    0.17 GB/s
[streaming quantize strided] tile    16 rows, 1439.00 ms,    0.17 GB/s
[streaming quantize strided] tile    16 rows, 1491.00 ms,    0.17 GB/s
[streaming quantize strided] tile    16 rows, 1491.00 ms,    0.17 GB/s
[streaming quantize strided] tile    16 rows, 2002.00 ms,    0.12 GB/s
[streaming quantize strided] tile    16 rows, 2003.00 ms,    0.12 GB/s
[streaming quantize strided] tile    16 rows,   21.00 ms,   11.77 GB/s
[streaming quantize strided] tile    16 rows,   23.00 ms,   10.75 GB/s
[streaming quantize strided] tile    16 rows,   19.00 ms,   13.01 GB/s
[streaming quantize strided] tile    16 rows,   19.00 ms,   13.01 GB/s
[streaming quantize strided] tile    16 rows, 1446.00 ms,    0.17 GB/s
[streaming quantize strided] tile    16 rows, 1446.00 ms,    0.17 GB/s
[streaming quantize strided] tile    16 rows,   11.00 ms,   22.47 GB/s
[streaming quantize strided] tile    16 rows,   11.00 ms,   22.47 GB/s
[streaming quantize strided] tile    16 rows, 1773.00 ms,    0.14 GB/s
[streaming quantize strided] tile    16 rows, 1775.00 ms,    0.14 GB/s
[streaming quantize strided] tile    16 rows, 1273.00 ms,    0.19 GB/s
[streaming quantize strided] tile    16 rows, 1360.00 ms,    0.18 GB/s
[streaming quantize strided] tile    16 rows, 1274.00 ms,    0.19 GB/s
[streaming quantize strided] tile    16 rows, 1359.00 ms,    0.18 GB/s
[streaming quantize strided] tile    16 rows, 1426.00 ms,    0.17 GB/s
[streaming quantize strided] tile    16 rows, 1426.00 ms,    0.17 GB/s
[streaming quantize strided] tile    16 rows,   13.00 ms,   19.01 GB/s
[streaming quantize strided] tile    16 rows,   13.00 ms,   19.01 GB/s
[streaming quantize strided] tile    16 rows, 1318.00 ms,    0.19 GB/s
[streaming quantize strided] tile    16 rows, 1318.00 ms,    0.19 GB/s
[streaming quantize strided] tile    16 rows,   24.00 ms,   10.30 GB/s
[streaming quantize strided] tile    16 rows,   33.00 ms,    7.49 GB/s
[streaming quantize strided] tile    16 rows, 1679.00 ms,    0.15 GB/s
[streaming quantize strided] tile    16 rows, 1680.00 ms,    0.15 GB/s
[streaming quantize strided] tile    16 rows, 1625.00 ms,    0.15 GB/s
[streaming quantize strided] tile    16 rows, 1626.00 ms,    0.15 GB/s
[streaming quantize strided] tile    16 rows, 1574.00 ms,    0.16 GB/s
[streaming quantize strided] tile    16 rows, 1575.00 ms,    0.16 GB/s
[streaming quantize strided] tile    16 rows, 1673.00 ms,    0.15 GB/s
[streaming quantize strided] tile    16 rows, 1665.00 ms,    0.15 GB/s
[streaming quantize strided] tile    16 rows, 1544.00 ms,    0.16 GB/s
[streaming quantize strided] tile    16 rows, 1550.00 ms,    0.16 GB/s
[streaming quantize strided] tile    16 rows,   25.00 ms,    9.89 GB/s
[streaming quantize strided] tile    16 rows,   27.00 ms,    9.16 GB/s
[streaming quantize strided] tile    16 rows, 1516.00 ms,    0.16 GB/s
[streaming quantize strided] tile    16 rows, 1516.00 ms,    0.16 GB/s
[streaming quantize strided] tile    16 rows, 1565.00 ms,    0.16 GB/s
[streaming quantize strided] tile    16 rows, 1566.00 ms,    0.16 GB/s
[streaming quantize strided] tile    16 rows, 1298.00 ms,    0.19 GB/s
[streaming quantize strided] tile    16 rows, 1304.00 ms,    0.19 GB/s
[streaming quantize strided] tile    16 rows, 1466.00 ms,    0.17 GB/s
[streaming quantize strided] tile    16 rows, 1468.00 ms,    0.17 GB/s
[streaming quantize strided] tile    16 rows, 1186.00 ms,    0.21 GB/s
[streaming quantize strided] tile    16 rows, 1186.00 ms,    0.21 GB/s
[streaming quantize strided] tile    16 rows, 1489.00 ms,    0.17 GB/s
[streaming quantize strided] tile    16 rows, 1489.00 ms,    0.17 GB/s
[streaming quantize strided] tile    16 rows,  872.00 ms,    0.28 GB/s
[streaming quantize strided] tile    16 rows,  873.00 ms,    0.28 GB/s
[streaming quantize strided] tile    16 rows,   11.00 ms,   22.47 GB/s
[streaming quantize strided] tile    16 rows,   25.00 ms,    9.89 GB/s
[streaming quantize strided] tile    16 rows, 1032.00 ms,    0.24 GB/s
[streaming quantize strided] tile    16 rows, 1032.00 ms,    0.24 GB/s
[streaming quantize strided] tile    16 rows,  733.00 ms,    0.34 GB/s
[streaming quantize strided] tile    16 rows,  733.00 ms,    0.34 GB/s
[streaming quantize strided] tile    16 rows,   11.00 ms,   22.47 GB/s
[streaming quantize strided] tile    16 rows,   11.00 ms,   22.47 GB/s
[streaming quantize strided] tile    16 rows, 1262.00 ms,    0.20 GB/s
[streaming quantize strided] tile    16 rows, 1298.00 ms,    0.19 GB/s
[streaming quantize strided] tile    16 rows,   21.00 ms,   11.77 GB/s
[streaming quantize strided] tile    16 rows,   21.00 ms,   11.77 GB/s
[streaming quantize strided] tile    16 rows, 1194.00 ms,    0.21 GB/s
[streaming quantize strided] tile    16 rows, 1195.00 ms,    0.21 GB/s
[streaming quantize strided] tile    16 rows, 1313.00 ms,    0.19 GB/s
[streaming quantize strided] tile    16 rows, 1349.00 ms,    0.18 GB/s
[streaming quantize strided] tile    16 rows,   22.00 ms,   11.24 GB/s
[streaming quantize strided] tile    16 rows,   23.00 ms,   10.75 GB/s
[streaming quantize strided] tile    16 rows,  741.00 ms,    0.33 GB/s
[streaming quantize strided] tile    16 rows,  743.00 ms,    0.33 GB/s
[streaming quantize strided] tile    16 rows,   11.00 ms,   22.47 GB/s
[streaming quantize strided] tile    16 rows,   10.00 ms,   24.72 GB/s
[streaming quantize strided] tile    16 rows, 1089.00 ms,    0.23 GB/s
[streaming quantize strided] tile    16 rows, 1090.00 ms,    0.23 GB/s
[streaming quantize strided] tile    16 rows, 1401.00 ms,    0.18 GB/s
[streaming quantize strided] tile    16 rows, 1401.00 ms,    0.18 GB/s
[streaming quantize strided] tile    16 rows, 1449.00 ms,    0.17 GB/s
[streaming quantize strided] tile    16 rows, 1449.00 ms,    0.17 GB/s
[streaming quantize strided] tile    16 rows, 1283.00 ms,    0.19 GB/s
[streaming quantize strided] tile    16 rows, 1284.00 ms,    0.19 GB/s
[streaming quantize strided] tile    16 rows, 1368.00 ms,    0.18 GB/s
[streaming quantize strided] tile    16 rows, 1368.00 ms,    0.18 GB/s
[streaming quantize strided] tile    16 rows, 1218.00 ms,    0.20 GB/s
[streaming quantize strided] tile    16 rows, 1219.00 ms,    0.20 GB/s
[streaming quantize strided] tile    16 rows,   31.00 ms,    7.97 GB/s
[streaming quantize strided] tile    16 rows,   30.00 ms,    8.24 GB/s
[streaming quantize strided] tile    16 rows, 1155.00 ms,    0.21 GB/s
[streaming quantize strided] tile    16 rows, 1155.00 ms,    0.21 GB/s
[streaming quantize strided] tile    16 rows, 1376.00 ms,    0.18 GB/s
[streaming quantize strided] tile    16 rows, 1376.00 ms,    0.18 GB/s
[streaming quantize strided] tile    16 rows,   12.00 ms,   20.60 GB/s
[streaming quantize strided] tile    16 rows,   13.00 ms,   19.01 GB/s
[streaming quantize strided] tile    16 rows, 1198.00 ms,    0.21 GB/s
[streaming quantize strided] tile    16 rows, 1198.00 ms,    0.21 GB/s
[streaming quantize strided] tile    16 rows, 1280.00 ms,    0.19 GB/s
[streaming quantize strided] tile    16 rows, 1327.00 ms,    0.19 GB/s
[streaming quantize strided] tile    16 rows, 1704.00 ms,    0.15 GB/s
[streaming quantize strided] tile    16 rows, 1706.00 ms,    0.14 GB/s
[streaming quantize strided] tile    16 rows, 1324.00 ms,    0.19 GB/s
[streaming quantize strided] tile    16 rows, 1325.00 ms,    0.19 GB/s
[streaming quantize strided] tile    16 rows, 1316.00 ms,    0.19 GB/s
[streaming quantize strided] tile    16 rows, 1270.00 ms,    0.19 GB/s
[streaming quantize strided] tile    16 rows, 1189.00 ms,    0.21 GB/s
[streaming quantize strided] tile    16 rows, 1187.00 ms,    0.21 GB/s
[streaming quantize strided] tile    16 rows, 1104.00 ms,    0.22 GB/s
[streaming quantize strided] tile    16 rows, 1105.00 ms,    0.22 GB/s
[streaming quantize strided] tile    16 rows,   10.00 ms,   24.72 GB/s
[streaming quantize strided] tile    16 rows,   11.00 ms,   22.47 GB/s
[streaming quantize strided] tile    16 rows, 1164.00 ms,    0.21 GB/s
[streaming quantize strided] tile    16 rows, 1165.00 ms,    0.21 GB/s
[streaming quantize strided] tile    16 rows, 1144.00 ms,    0.22 GB/s
[streaming quantize strided] tile    16 rows, 1166.00 ms,    0.21 GB/s
[streaming quantize strided] tile    16 rows,   20.00 ms,   12.36 GB/s
[streaming quantize strided] tile    16 rows,   21.00 ms,   11.77 GB/s
[streaming quantize strided] tile    16 rows, 1191.00 ms,    0.21 GB/s
[streaming quantize strided] tile    16 rows, 1190.00 ms,    0.21 GB/s
[streaming quantize strided] tile    16 rows,   12.00 ms,   20.60 GB/s
[streaming quantize strided] tile    16 rows,   13.00 ms,   19.01 GB/s
[streaming quantize strided] tile    16 rows, 1194.00 ms,    0.21 GB/s
[streaming quantize strided] tile    16 rows, 1172.00 ms,    0.21 GB/s
[streaming quantize strided] tile    16 rows, 1399.00 ms,    0.18 GB/s
[streaming quantize strided] tile    16 rows, 1399.00 ms,    0.18 GB/s
[streaming quantize strided] tile    16 rows,   24.00 ms,   10.30 GB/s
[streaming quantize strided] tile    16 rows,   24.00 ms,   10.30 GB/s
[streaming quantize strided] tile    16 rows,  859.00 ms,    0.29 GB/s
[streaming quantize strided] tile    16 rows,  876.00 ms,    0.28 GB/s
[streaming quantize strided] tile    16 rows, 1025.00 ms,    0.24 GB/s
[streaming quantize strided] tile    16 rows, 1043.00 ms,    0.24 GB/s
[streaming quantize strided] tile    16 rows, 1405.00 ms,    0.18 GB/s
[streaming quantize strided] tile    16 rows, 1405.00 ms,    0.18 GB/s
[streaming quantize strided] tile    16 rows,   18.00 ms,   13.73 GB/s
[streaming quantize strided] tile    16 rows,   40.00 ms,    6.18 GB/s
[streaming quantize strided] tile    16 rows, 1676.00 ms,    0.15 GB/s
[streaming quantize strided] tile    16 rows, 1677.00 ms,    0.15 GB/s
[streaming quantize strided] tile    16 rows,   25.00 ms,    9.89 GB/s
[streaming quantize strided] tile    16 rows,   25.00 ms,    9.89 GB/s
[streaming quantize strided] tile    16 rows, 1320.00 ms,    0.19 GB/s
[streaming quantize strided] tile    16 rows, 1320.00 ms,    0.19 GB/s
[streaming quantize strided] tile    16 rows, 1688.00 ms,    0.15 GB/s
[streaming quantize strided] tile    16 rows, 1689.00 ms,    0.15 GB/s
[streaming quantize strided] tile    16 rows, 1241.00 ms,    0.20 GB/s
[streaming quantize strided] tile    16 rows, 1242.00 ms,    0.20 GB/s
[streaming quantize strided] tile    16 rows, 1113.00 ms,    0.22 GB/s
[streaming quantize strided] tile    16 rows, 1114.00 ms,    0.22 GB/s
[streaming quantize strided] tile    16 rows,   23.00 ms,   10.75 GB/s
[streaming quantize strided] tile    16 rows,   23.00 ms,   10.75 GB/s
[streaming quantize strided] tile    16 rows, 1417.00 ms,    0.17 GB/s
[streaming quantize strided] tile    16 rows, 1418.00 ms,    0.17 GB/s
[streaming quantize strided] tile    16 rows, 1356.00 ms,    0.18 GB/s
[streaming quantize strided] tile    16 rows, 1356.00 ms,    0.18 GB/s
[streaming quantize strided] tile    16 rows, 2049.00 ms,    0.12 GB/s
[streaming quantize strided] tile    16 rows, 2049.00 ms,    0.12 GB/s
[streaming quantize strided] tile    16 rows, 1416.00 ms,    0.17 GB/s
[streaming quantize strided] tile    16 rows, 1416.00 ms,    0.17 GB/s
[streaming quantize strided] tile    16 rows, 1394.00 ms,    0.18 GB/s
[streaming quantize strided] tile    16 rows, 1394.00 ms,    0.18 GB/s
[streaming quantize strided] tile    16 rows, 1588.00 ms,    0.16 GB/s
[streaming quantize strided] tile    16 rows, 1589.00 ms,    0.16 GB/s
[streaming quantize strided] tile    16 rows, 1455.00 ms,    0.17 GB/s
[streaming quantize strided] tile    16 rows, 1455.00 ms,    0.17 GB/s
[streaming quantize strided] tile    16 rows, 1911.00 ms,    0.13 GB/s
[streaming quantize strided] tile    16 rows, 1911.00 ms,    0.13 GB/s
[streaming quantize strided] tile    16 rows, 1285.00 ms,    0.19 GB/s
[streaming quantize strided] tile    16 rows, 1286.00 ms,    0.19 GB/s
[streaming quantize strided] tile    16 rows, 1568.00 ms,    0.16 GB/s
[streaming quantize strided] tile    16 rows, 1569.00 ms,    0.16 GB/s
[streaming quantize strided] tile    16 rows,   12.00 ms,   20.60 GB/s
[streaming quantize strided] tile    16 rows,   13.00 ms,   19.01 GB/s
[streaming quantize strided] tile    16 rows, 1132.00 ms,    0.22 GB/s
[streaming quantize strided] tile    16 rows, 1133.00 ms,    0.22 GB/s
[streaming quantize strided] tile    16 rows,   11.00 ms,   22.47 GB/s
[streaming quantize strided] tile    16 rows,   10.00 ms,   24.72 GB/s
[streaming quantize strided] tile    16 rows, 1009.00 ms,    0.24 GB/s
[streaming quantize strided] tile    16 rows, 1435.00 ms,    0.17 GB/s
[streaming quantize strided] tile    16 rows, 1010.00 ms,    0.24 GB/s
[streaming quantize strided] tile    16 rows, 1435.00 ms,    0.17 GB/s
[streaming quantize strided] tile    16 rows, 1274.00 ms,    0.19 GB/s
[streaming quantize strided] tile    16 rows, 1273.00 ms,    0.19 GB/s
[streaming quantize strided] tile    16 rows, 1280.00 ms,    0.19 GB/s
[streaming quantize strided] tile    16 rows, 1281.00 ms,    0.19 GB/s
[streaming quantize strided] tile    16 rows,   21.00 ms,   11.77 GB/s
[streaming quantize strided] tile    16 rows,   22.00 ms,   11.24 GB/s
[streaming quantize strided] tile    16 rows,   23.00 ms,   10.75 GB/s
[streaming quantize strided] tile    16 rows,   23.00 ms,   10.75 GB/s
[streaming quantize strided] tile    16 rows,   16.00 ms,   15.45 GB/s
[streaming quantize strided] tile    16 rows,   28.00 ms,    8.83 GB/s
[streaming quantize strided] tile    16 rows, 1033.00 ms,    0.24 GB/s
[streaming quantize strided] tile    16 rows, 1034.00 ms,    0.24 GB/s
[streaming quantize strided] tile    16 rows, 1187.00 ms,    0.21 GB/s
[streaming quantize strided] tile    16 rows, 1200.00 ms,    0.21 GB/s
[streaming quantize strided] tile    16 rows,   26.00 ms,    9.51 GB/s
[streaming quantize strided] tile    16 rows,   32.00 ms,    7.72 GB/s
[streaming quantize strided] tile    16 rows, 1168.00 ms,    0.21 GB/s
[streaming quantize strided] tile    16 rows, 1169.00 ms,    0.21 GB/s
[streaming quantize strided] tile    16 rows,   11.00 ms,   22.47 GB/s
[streaming quantize strided] tile    16 rows,   13.00 ms,   19.01 GB/s
[streaming quantize strided] tile    16 rows, 1426.00 ms,    0.17 GB/s
[streaming quantize strided] tile    16 rows, 1456.00 ms,    0.17 GB/s
[streaming quantize strided] tile    16 rows, 1450.00 ms,    0.17 GB/s
[streaming quantize strided] tile    16 rows, 1457.00 ms,    0.17 GB/s
[streaming quantize strided] tile    16 rows, 1485.00 ms,    0.17 GB/s
[streaming quantize strided] tile    16 rows, 1485.00 ms,    0.17 GB/s
[streaming quantize strided] tile    16 rows, 1669.00 ms,    0.15 GB/s
[streaming quantize strided] tile    16 rows, 1699.00 ms,    0.15 GB/s
[streaming quantize strided] tile    16 rows, 1069.00 ms,    0.23 GB/s
[streaming quantize strided] tile    16 rows, 1070.00 ms,    0.23 GB/s
[streaming quantize strided] tile    16 rows, 1043.00 ms,    0.24 GB/s
[streaming quantize strided] tile    16 rows, 1044.00 ms,    0.24 GB/s
[streaming quantize strided] tile    16 rows,   25.00 ms,    9.89 GB/s
[streaming quantize strided] tile    16 rows,   26.00 ms,    9.51 GB/s
[streaming quantize strided] tile    16 rows, 1670.00 ms,    0.15 GB/s
[streaming quantize strided] tile    16 rows, 1671.00 ms,    0.15 GB/s
[streaming quantize strided] tile    16 rows, 1217.00 ms,    0.20 GB/s
[streaming quantize strided] tile    16 rows, 1216.00 ms,    0.20 GB/s
[streaming quantize strided] tile    16 rows, 1216.00 ms,    0.20 GB/s
[streaming quantize strided] tile    16 rows, 1218.00 ms,    0.20 GB/s
[streaming quantize strided] tile    16 rows, 1498.00 ms,    0.17 GB/s
[streaming quantize strided] tile    16 rows, 1518.00 ms,    0.16 GB/s
[streaming quantize strided] tile    16 rows, 1652.00 ms,    0.15 GB/s
[streaming quantize strided] tile    16 rows, 1652.00 ms,    0.15 GB/s
[streaming quantize strided] tile    16 rows, 1603.00 ms,    0.15 GB/s
[streaming quantize strided] tile    16 rows, 1603.00 ms,    0.15 GB/s
[streaming quantize strided] tile    16 rows, 1671.00 ms,    0.15 GB/s
[streaming quantize strided] tile    16 rows, 1671.00 ms,    0.15 GB/s
[streaming quantize strided] tile    16 rows, 1165.00 ms,    0.21 GB/s
[streaming quantize strided] tile    16 rows, 1145.00 ms,    0.22 GB/s
[streaming quantize strided] tile    16 rows, 1451.00 ms,    0.17 GB/s
[streaming quantize strided] tile    16 rows, 1453.00 ms,    0.17 GB/s
[streaming quantize strided] tile    16 rows, 1459.00 ms,    0.17 GB/s
[streaming quantize strided] tile    16 rows, 1459.00 ms,    0.17 GB/s
[streaming quantize strided] tile    16 rows, 1569.00 ms,    0.16 GB/s
[streaming quantize strided] tile    16 rows, 1569.00 ms,    0.16 GB/s
[streaming quantize strided] tile    16 rows, 1701.00 ms,    0.15 GB/s
[streaming quantize strided] tile    16 rows, 1701.00 ms,    0.15 GB/s
[streaming quantize strided] tile    16 rows,   11.00 ms,   22.47 GB/s
[streaming quantize strided] tile    16 rows,   11.00 ms,   22.47 GB/s
[streaming quantize strided] tile    16 rows, 1274.00 ms,    0.19 GB/s
[streaming quantize strided] tile    16 rows, 1273.00 ms,    0.19 GB/s
[streaming quantize strided] tile    16 rows,   13.00 ms,   19.01 GB/s
[streaming quantize strided] tile    16 rows,   13.00 ms,   19.01 GB/s
[streaming quantize strided] tile    16 rows, 1173.00 ms,    0.21 GB/s
[streaming quantize strided] tile    16 rows, 1175.00 ms,    0.21 GB/s
[streaming quantize strided] tile    16 rows,   11.00 ms,   22.47 GB/s
[streaming quantize strided] tile    16 rows,   11.00 ms,   22.47 GB/s
[streaming quantize strided] tile    16 rows, 1110.00 ms,    0.22 GB/s
[streaming quantize strided] tile    16 rows, 1111.00 ms,    0.22 GB/s
[streaming quantize strided] tile    16 rows, 1197.00 ms,    0.21 GB/s
[streaming quantize strided] tile    16 rows, 1198.00 ms,    0.21 GB/s
[streaming quantize strided] tile    16 rows,   23.00 ms,   10.75 GB/s
[streaming quantize strided] tile    16 rows,   23.00 ms,   10.75 GB/s
[streaming quantize strided] tile    16 rows, 1184.00 ms,    0.21 GB/s
[streaming quantize strided] tile    16 rows, 1185.00 ms,    0.21 GB/s
[streaming quantize strided] tile    16 rows, 1293.00 ms,    0.19 GB/s
[streaming quantize strided] tile    16 rows, 1293.00 ms,    0.19 GB/s
[streaming quantize strided] tile    16 rows,   11.00 ms,   22.47 GB/s
[streaming quantize strided] tile    16 rows,   11.00 ms,   22.47 GB/s
[streaming quantize strided] tile    16 rows,  144.00 ms,    1.72 GB/s
[streaming quantize strided] tile    16 rows,  145.00 ms,    1.70 GB/s
[streaming quantize strided] tile    16 rows,   31.00 ms,    7.97 GB/s
[streaming quantize strided] tile    16 rows,   31.00 ms,    7.97 GB/s
[streaming quantize strided] tile    16 rows, 1356.00 ms,    0.18 GB/s
[streaming quantize strided] tile    16 rows, 1355.00 ms,    0.18 GB/s
[streaming quantize strided] tile    16 rows, 1465.00 ms,    0.17 GB/s
[streaming quantize strided] tile    16 rows, 1464.00 ms,    0.17 GB/s
[streaming quantize strided] tile    16 rows, 1529.00 ms,    0.16 GB/s
[streaming quantize strided] tile    16 rows, 1529.00 ms,    0.16 GB/s
[streaming quantize strided] tile    16 rows,  943.00 ms,    0.26 GB/s
[streaming quantize strided] tile    16 rows,  943.00 ms,    0.26 GB/s
[streaming quantize strided] tile    16 rows,   33.00 ms,    7.49 GB/s
[streaming quantize strided] tile    16 rows,   33.00 ms,    7.49 GB/s
[streaming quantize strided] tile    16 rows,  787.00 ms,    0.31 GB/s
[streaming quantize strided] tile    16 rows,  788.00 ms,    0.31 GB/s
[streaming quantize strided] tile    16 rows, 1200.00 ms,    0.21 GB/s
[streaming quantize strided] tile    16 rows, 1201.00 ms,    0.21 GB/s
[streaming quantize strided] tile    16 rows, 1147.00 ms,    0.22 GB/s
[streaming quantize strided] tile    16 rows, 1148.00 ms,    0.22 GB/s
[streaming quantize strided] tile    16 rows, 1074.00 ms,    0.23 GB/s
[streaming quantize strided] tile    16 rows, 1073.00 ms,    0.23 GB/s
[streaming quantize strided] tile    16 rows, 1396.00 ms,    0.18 GB/s
[streaming quantize strided] tile    16 rows, 1397.00 ms,    0.18 GB/s
[streaming quantize strided] tile    16 rows,  955.00 ms,    0.26 GB/s
[streaming quantize strided] tile    16 rows,  956.00 ms,    0.26 GB/s
[streaming quantize strided] tile    16 rows, 1046.00 ms,    0.24 GB/s
[streaming quantize strided] tile    16 rows, 1046.00 ms,    0.24 GB/s
[streaming quantize strided] tile    16 rows, 1240.00 ms,    0.20 GB/s
[streaming quantize strided] tile    16 rows, 1239.00 ms,    0.20 GB/s
[streaming quantize strided] tile    16 rows, 1512.00 ms,    0.16 GB/s
[streaming quantize strided] tile    16 rows, 1512.00 ms,    0.16 GB/s
[streaming quantize strided] tile    16 rows, 1265.00 ms,    0.20 GB/s
[streaming quantize strided] tile    16 rows, 1265.00 ms,    0.20 GB/s
[streaming quantize strided] tile    16 rows, 1202.00 ms,    0.21 GB/s
[streaming quantize strided] tile    16 rows, 1202.00 ms,    0.21 GB/s
[streaming quantize strided] tile    16 rows, 1321.00 ms,    0.19 GB/s
[streaming quantize strided] tile    16 rows, 1321.00 ms,    0.19 GB/s
[streaming quantize strided] tile    16 rows,   12.00 ms,   20.60 GB/s
[streaming quantize strided] tile    16 rows,   29.00 ms,    8.52 GB/s
[streaming quantize strided] tile    16 rows, 1633.00 ms,    0.15 GB/s
[streaming quantize strided] tile    16 rows, 1635.00 ms,    0.15 GB/s
[streaming quantize strided] tile    16 rows, 1171.00 ms,    0.21 GB/s
[streaming quantize strided] tile    16 rows, 1172.00 ms,    0.21 GB/s
[streaming quantize strided] tile    16 rows, 1431.00 ms,    0.17 GB/s
[streaming quantize strided] tile    16 rows, 1431.00 ms,    0.17 GB/s
[streaming quantize strided] tile    16 rows,   10.00 ms,   24.72 GB/s
[streaming quantize strided] tile    16 rows,   10.00 ms,   24.72 GB/s
[streaming quantize strided] tile    16 rows, 1178.00 ms,    0.21 GB/s
[streaming quantize strided] tile    16 rows, 1180.00 ms,    0.21 GB/s
[streaming quantize strided] tile    16 rows, 1457.00 ms,    0.17 GB/s
[streaming quantize strided] tile    16 rows, 1457.00 ms,    0.17 GB/s
[streaming quantize strided] tile    16 rows,   19.00 ms,   13.01 GB/s
[streaming quantize strided] tile    16 rows,   18.00 ms,   13.73 GB/s
[streaming quantize strided] tile    16 rows,  841.00 ms,    0.29 GB/s
[streaming quantize strided] tile    16 rows,  841.00 ms,    0.29 GB/s
[streaming quantize strided] tile    16 rows, 1010.00 ms,    0.24 GB/s
[streaming quantize strided] tile    16 rows, 1009.00 ms,    0.24 GB/s
[streaming quantize strided] tile    16 rows,   18.00 ms,   13.73 GB/s
[streaming quantize strided] tile    16 rows,   18.00 ms,   13.73 GB/s
[streaming quantize strided] tile    16 rows,   32.00 ms,    7.72 GB/s
[streaming quantize strided] tile    16 rows,   32.00 ms,    7.72 GB/s
[streaming quantize strided] tile    16 rows, 1322.00 ms,    0.19 GB/s
[streaming quantize strided] tile    16 rows, 1323.00 ms,    0.19 GB/s
[streaming quantize strided] tile    16 rows,   11.00 ms,   22.47 GB/s
[streaming quantize strided] tile    16 rows,   11.00 ms,   22.47 GB/s
[streaming quantize strided] tile    16 rows,  825.00 ms,    0.30 GB/s
[streaming quantize strided] tile    16 rows,  825.00 ms,    0.30 GB/s
[streaming quantize strided] tile    16 rows,  639.00 ms,    0.39 GB/s
[streaming quantize strided] tile    16 rows,  639.00 ms,    0.39 GB/s
[streaming quantize strided] tile    16 rows,  688.00 ms,    0.36 GB/s
[streaming quantize strided] tile    16 rows,  688.00 ms,    0.36 GB/s
[streaming quantize strided] tile    16 rows,  865.00 ms,    0.29 GB/s
[streaming quantize strided] tile    16 rows,  870.00 ms,    0.28 GB/s
[streaming quantize strided] tile    16 rows,   23.00 ms,   10.75 GB/s
[streaming quantize strided] tile    16 rows,   25.00 ms,    9.89 GB/s
[streaming quantize strided] tile    16 rows,   21.00 ms,   11.77 GB/s
[streaming quantize strided] tile    16 rows,   20.00 ms,   12.36 GB/s
[streaming quantize strided] tile    16 rows,  716.00 ms,    0.35 GB/s
[streaming quantize strided] tile    16 rows,  717.00 ms,    0.34 GB/s
[streaming quantize strided] tile    16 rows,  800.00 ms,    0.31 GB/s
[streaming quantize strided] tile    16 rows,  798.00 ms,    0.31 GB/s
[streaming quantize strided] tile    16 rows,  956.00 ms,    0.26 GB/s
[streaming quantize strided] tile    16 rows,  951.00 ms,    0.26 GB/s
[streaming quantize strided] tile    16 rows,  755.00 ms,    0.33 GB/s
[streaming quantize strided] tile    16 rows,  756.00 ms,    0.33 GB/s
[streaming quantize strided] tile    16 rows, 1122.00 ms,    0.22 GB/s
[streaming quantize strided] tile    16 rows, 1122.00 ms,    0.22 GB/s
[streaming quantize strided] tile    16 rows, 1163.00 ms,    0.21 GB/s
[streaming quantize strided] tile    16 rows, 1163.00 ms,    0.21 GB/s
[streaming quantize strided] tile    16 rows,  980.00 ms,    0.25 GB/s
[streaming quantize strided] tile    16 rows,  980.00 ms,    0.25 GB/s
[streaming quantize strided] tile    16 rows,   11.00 ms,   22.47 GB/s
[streaming quantize strided] tile    16 rows,   11.00 ms,   22.47 GB/s
[streaming quantize strided] tile    16 rows, 1468.00 ms,    0.17 GB/s
[streaming quantize strided] tile    16 rows, 1498.00 ms,    0.17 GB/s
[streaming quantize strided] tile    16 rows, 1259.00 ms,    0.20 GB/s
[streaming quantize strided] tile    16 rows, 1259.00 ms,    0.20 GB/s
[streaming quantize strided] tile    16 rows,  861.00 ms,    0.29 GB/s
[streaming quantize strided] tile    16 rows,  862.00 ms,    0.29 GB/s
[streaming quantize strided] tile    16 rows, 1060.00 ms,    0.23 GB/s
[streaming quantize strided] tile    16 rows, 1090.00 ms,    0.23 GB/s
[streaming quantize strided] tile    16 rows, 1117.00 ms,    0.22 GB/s
[streaming quantize strided] tile    16 rows, 1117.00 ms,    0.22 GB/s
[streaming quantize strided] tile    16 rows,  812.00 ms,    0.30 GB/s
[streaming quantize strided] tile    16 rows,  814.00 ms,    0.30 GB/s
[streaming quantize strided] tile    16 rows,   11.00 ms,   22.47 GB/s
[streaming quantize strided] tile    16 rows,   11.00 ms,   22.47 GB/s
[streaming quantize strided] tile    16 rows,  833.00 ms,    0.30 GB/s
[streaming quantize strided] tile    16 rows,  834.00 ms,    0.30 GB/s
[streaming quantize strided] tile    16 rows,   21.00 ms,   11.77 GB/s
[streaming quantize strided] tile    16 rows,   21.00 ms,   11.77 GB/s
[streaming quantize strided] tile    16 rows, 1047.00 ms,    0.24 GB/s
[streaming quantize strided] tile    16 rows, 1047.00 ms,    0.24 GB/s
[streaming quantize strided] tile    16 rows,  733.00 ms,    0.34 GB/s
[streaming quantize strided] tile    16 rows,  732.00 ms,    0.34 GB/s
[streaming quantize strided] tile    16 rows, 1165.00 ms,    0.21 GB/s
[streaming quantize strided] tile    16 rows, 1166.00 ms,    0.21 GB/s
[streaming quantize strided] tile    16 rows,   21.00 ms,   11.77 GB/s
[streaming quantize strided] tile    16 rows,   21.00 ms,   11.77 GB/s
[streaming quantize strided] tile    16 rows, 1017.00 ms,    0.24 GB/s
[streaming quantize strided] tile    16 rows, 1017.00 ms,    0.24 GB/s
[streaming quantize strided] tile    16 rows,   11.00 ms,   22.47 GB/s
[streaming quantize strided] tile    16 rows,   11.00 ms,   22.47 GB/s
[streaming quantize strided] tile    16 rows, 1395.00 ms,    0.18 GB/s
[streaming quantize strided] tile    16 rows, 1396.00 ms,    0.18 GB/s
[streaming quantize strided] tile    16 rows, 1016.00 ms,    0.24 GB/s
[streaming quantize strided] tile    16 rows, 1015.00 ms,    0.24 GB/s
[streaming quantize strided] tile    16 rows, 1048.00 ms,    0.24 GB/s
[streaming quantize strided] tile    16 rows, 1049.00 ms,    0.24 GB/s
[streaming quantize strided] tile    16 rows, 1372.00 ms,    0.18 GB/s
[streaming quantize strided] tile    16 rows, 1372.00 ms,    0.18 GB/s
[streaming quantize strided] tile    16 rows,   11.00 ms,   22.47 GB/s
[streaming quantize strided] tile    16 rows,   11.00 ms,   22.47 GB/s
[streaming quantize strided] tile    16 rows,  879.00 ms,    0.28 GB/s
[streaming quantize strided] tile    16 rows,  879.00 ms,    0.28 GB/s
[streaming quantize strided] tile    16 rows,  776.00 ms,    0.32 GB/s
[streaming quantize strided] tile    16 rows,  777.00 ms,    0.32 GB/s
[streaming quantize strided] tile    16 rows,   30.00 ms,    8.24 GB/s
[streaming quantize strided] tile    16 rows,   31.00 ms,    7.97 GB/s
[streaming quantize strided] tile    16 rows,  903.00 ms,    0.27 GB/s
[streaming quantize strided] tile    16 rows,  903.00 ms,    0.27 GB/s
[streaming quantize strided] tile    16 rows,  875.00 ms,    0.28 GB/s
[streaming quantize strided] tile    16 rows,  874.00 ms,    0.28 GB/s
[streaming quantize strided] tile    16 rows,  919.00 ms,    0.27 GB/s
[streaming quantize strided] tile    16 rows,  919.00 ms,    0.27 GB/s
[streaming quantize strided] tile    16 rows,  566.00 ms,    0.44 GB/s
[streaming quantize strided] tile    16 rows,  566.00 ms,    0.44 GB/s
[streaming quantize strided] tile    16 rows,  701.00 ms,    0.35 GB/s
[streaming quantize strided] tile    16 rows,  701.00 ms,    0.35 GB/s
[streaming quantize strided] tile    16 rows,  727.00 ms,    0.34 GB/s
[streaming quantize strided] tile    16 rows,  728.00 ms,    0.34 GB/s
[streaming quantize strided] tile    16 rows,   24.00 ms,   10.30 GB/s
[streaming quantize strided] tile    16 rows,   26.00 ms,    9.51 GB/s
[streaming quantize strided] tile    16 rows,  887.00 ms,    0.28 GB/s
[streaming quantize strided] tile    16 rows,  886.00 ms,    0.28 GB/s
[streaming quantize strided] tile    16 rows,   10.00 ms,   24.72 GB/s
[streaming quantize strided] tile    16 rows,   11.00 ms,   22.47 GB/s
[streaming quantize strided] tile    16 rows,  779.00 ms,    0.32 GB/s
[streaming quantize strided] tile    16 rows,  779.00 ms,    0.32 GB/s
[streaming quantize strided] tile    16 rows,  990.00 ms,    0.25 GB/s
[streaming quantize strided] tile    16 rows,  990.00 ms,    0.25 GB/s
[streaming quantize strided] tile    16 rows, 1253.00 ms,    0.20 GB/s
[streaming quantize strided] tile    16 rows, 1253.00 ms,    0.20 GB/s
[streaming quantize strided] tile    16 rows,  826.00 ms,    0.30 GB/s
[streaming quantize strided] tile    16 rows,  825.00 ms,    0.30 GB/s
[streaming quantize strided] tile    16 rows,   11.00 ms,   22.47 GB/s
[streaming quantize strided] tile    16 rows,   11.00 ms,   22.47 GB/s
[streaming quantize strided] tile    16 rows,  788.00 ms,    0.31 GB/s
[streaming quantize strided] tile    16 rows,  789.00 ms,    0.31 GB/s
[streaming quantize strided] tile    16 rows, 1016.00 ms,    0.24 GB/s
[streaming quantize strided] tile    16 rows, 1016.00 ms,    0.24 GB/s
[streaming quantize strided] tile    16 rows,   27.00 ms,    9.16 GB/s
[streaming quantize strided] tile    16 rows,   27.00 ms,    9.16 GB/s
[streaming quantize strided] tile    16 rows, 1153.00 ms,    0.21 GB/s
[streaming quantize strided] tile    16 rows, 1154.00 ms,    0.21 GB/s
[streaming quantize strided] tile    16 rows,  887.00 ms,    0.28 GB/s
[streaming quantize strided] tile    16 rows,  887.00 ms,    0.28 GB/s
[streaming quantize strided] tile    16 rows,   19.00 ms,   13.01 GB/s
[streaming quantize strided] tile    16 rows,   20.00 ms,   12.36 GB/s
[streaming quantize strided] tile    16 rows,  991.00 ms,    0.25 GB/s
[streaming quantize strided] tile    16 rows,  992.00 ms,    0.25 GB/s
[streaming quantize strided] tile    16 rows,  768.00 ms,    0.32 GB/s
[streaming quantize strided] tile    16 rows,  769.00 ms,    0.32 GB/s
[streaming quantize strided] tile    16 rows,   12.00 ms,   20.60 GB/s
[streaming quantize strided] tile    16 rows,   11.00 ms,   22.47 GB/s
[streaming quantize strided] tile    16 rows, 1024.00 ms,    0.24 GB/s
[streaming quantize strided] tile    16 rows, 1067.00 ms,    0.23 GB/s
[streaming quantize strided] tile    16 rows, 1261.00 ms,    0.20 GB/s
[streaming quantize strided] tile    16 rows, 1263.00 ms,    0.20 GB/s
[streaming quantize strided] tile    16 rows, 1500.00 ms,    0.16 GB/s
[streaming quantize strided] tile    16 rows, 1501.00 ms,    0.16 GB/s
[streaming quantize strided] tile    16 rows, 1728.00 ms,    0.14 GB/s
[streaming quantize strided] tile    16 rows, 1685.00 ms,    0.15 GB/s
[streaming quantize strided] tile    16 rows, 1322.00 ms,    0.19 GB/s
[streaming quantize strided] tile    16 rows, 1053.00 ms,    0.23 GB/s
[streaming quantize strided] tile    16 rows, 1322.00 ms,    0.19 GB/s
[streaming quantize strided] tile    16 rows, 1054.00 ms,    0.23 GB/s
[streaming quantize strided] tile    16 rows,   22.00 ms,   11.24 GB/s
[streaming quantize strided] tile    16 rows,   24.00 ms,   10.30 GB/s
[streaming quantize strided] tile    16 rows, 1523.00 ms,    0.16 GB/s
[streaming quantize strided] tile    16 rows, 1525.00 ms,    0.16 GB/s
[streaming quantize strided] tile    16 rows,   13.00 ms,   19.01 GB/s
[streaming quantize strided] tile    16 rows,   12.00 ms,   20.60 GB/s
[streaming quantize strided] tile    16 rows, 1225.00 ms,    0.20 GB/s
[streaming quantize strided] tile    16 rows, 1226.00 ms,    0.20 GB/s
[streaming quantize strided] tile    16 rows, 1291.00 ms,    0.19 GB/s
[streaming quantize strided] tile    16 rows, 1293.00 ms,    0.19 GB/s
[streaming quantize strided] tile    16 rows, 1649.00 ms,    0.15 GB/s
[streaming quantize strided] tile    16 rows, 1648.00 ms,    0.15 GB/s
[streaming quantize strided] tile    16 rows,  974.00 ms,    0.25 GB/s
[streaming quantize strided] tile    16 rows,  976.00 ms,    0.25 GB/s
[streaming quantize strided] tile    16 rows, 1135.00 ms,    0.22 GB/s
[streaming quantize strided] tile    16 rows, 1136.00 ms,    0.22 GB/s
[streaming quantize strided] tile    16 rows, 1088.00 ms,    0.23 GB/s
[streaming quantize strided] tile    16 rows, 1089.00 ms,    0.23 GB/s
[streaming quantize strided] tile    16 rows,  983.00 ms,    0.25 GB/s
[streaming quantize strided] tile    16 rows,  984.00 ms,    0.25 GB/s
[streaming quantize strided] tile    16 rows, 1030.00 ms,    0.24 GB/s
[streaming quantize strided] tile    16 rows, 1032.00 ms,    0.24 GB/s
[streaming quantize strided] tile    16 rows,   11.00 ms,   22.47 GB/s
[streaming quantize strided] tile    16 rows,   11.00 ms,   22.47 GB/s
[streaming quantize strided] tile    16 rows,  122.00 ms,    2.03 GB/s
[streaming quantize strided] tile    16 rows,  124.00 ms,    1.99 GB/s
[streaming quantize strided] tile    16 rows, 1000.00 ms,    0.25 GB/s
[streaming quantize strided] tile    16 rows, 1001.00 ms,    0.25 GB/s
[streaming quantize strided] tile    16 rows,  993.00 ms,    0.25 GB/s
[streaming quantize strided] tile    16 rows,  993.00 ms,    0.25 GB/s
[streaming quantize strided] tile    16 rows,   10.00 ms,   24.72 GB/s
[streaming quantize strided] tile    16 rows,   11.00 ms,   22.47 GB/s
[streaming quantize strided] tile    16 rows,  824.00 ms,    0.30 GB/s
[streaming quantize strided] tile    16 rows,  872.00 ms,    0.28 GB/s
[streaming quantize strided] tile    16 rows, 1333.00 ms,    0.19 GB/s
[streaming quantize strided] tile    16 rows, 1341.00 ms,    0.18 GB/s
[streaming quantize strided] tile    16 rows,   23.00 ms,   10.75 GB/s
[streaming quantize strided] tile    16 rows,   24.00 ms,   10.30 GB/s
[streaming quantize strided] tile    16 rows, 2008.00 ms,    0.12 GB/s
[streaming quantize strided] tile    16 rows, 1961.00 ms,    0.13 GB/s
[streaming quantize strided] tile    16 rows, 1152.00 ms,    0.21 GB/s
[streaming quantize strided] tile    16 rows, 1161.00 ms,    0.21 GB/s
[streaming quantize strided] tile    16 rows,   24.00 ms,   10.30 GB/s
[streaming quantize strided] tile    16 rows,   25.00 ms,    9.89 GB/s
[streaming quantize strided] tile    16 rows,  959.00 ms,    0.26 GB/s
[streaming quantize strided] tile    16 rows,  961.00 ms,    0.26 GB/s
[streaming quantize strided] tile    16 rows, 1413.00 ms,    0.17 GB/s
[streaming quantize strided] tile    16 rows, 1414.00 ms,    0.17 GB/s
[streaming quantize strided] tile    16 rows,  969.00 ms,    0.26 GB/s
[streaming quantize strided] tile    16 rows,  970.00 ms,    0.25 GB/s
[streaming quantize strided] tile    16 rows,   10.00 ms,   24.72 GB/s
[streaming quantize strided] tile    16 rows,   11.00 ms,   22.47 GB/s
[streaming quantize strided] tile    16 rows, 1046.00 ms,    0.24 GB/s
[streaming quantize strided] tile    16 rows, 1047.00 ms,    0.24 GB/s
[streaming quantize strided] tile    16 rows, 1231.00 ms,    0.20 GB/s
[streaming quantize strided] tile    16 rows, 1230.00 ms,    0.20 GB/s
[streaming quantize strided] tile    16 rows, 1330.00 ms,    0.19 GB/s
[streaming quantize strided] tile    16 rows, 1331.00 ms,    0.19 GB/s
[streaming quantize strided] tile    16 rows, 1092.00 ms,    0.23 GB/s
[streaming quantize strided] tile    16 rows, 1093.00 ms,    0.23 GB/s
[streaming quantize strided] tile    16 rows,  890.00 ms,    0.28 GB/s
[streaming quantize strided] tile    16 rows,  890.00 ms,    0.28 GB/s
[streaming quantize strided] tile    16 rows, 1165.00 ms,    0.21 GB/s
[streaming quantize strided] tile    16 rows, 1165.00 ms,    0.21 GB/s
[streaming quantize strided] tile    16 rows,  855.00 ms,    0.29 GB/s
[streaming quantize strided] tile    16 rows,  855.00 ms,    0.29 GB/s
[streaming quantize strided] tile    16 rows,   24.00 ms,   10.30 GB/s
[streaming quantize strided] tile    16 rows,   24.00 ms,   10.30 GB/s
[streaming quantize strided] tile    16 rows, 1131.00 ms,    0.22 GB/s
[streaming quantize strided] tile    16 rows, 1130.00 ms,    0.22 GB/s
[streaming quantize strided] tile    16 rows, 1418.00 ms,    0.17 GB/s
[streaming quantize strided] tile    16 rows, 1418.00 ms,    0.17 GB/s
[streaming quantize strided] tile    16 rows,   12.00 ms,   20.60 GB/s
[streaming quantize strided] tile    16 rows,   13.00 ms,   19.01 GB/s
[streaming quantize strided] tile    16 rows, 1277.00 ms,    0.19 GB/s
[streaming quantize strided] tile    16 rows, 1277.00 ms,    0.19 GB/s
[streaming quantize strided] tile    16 rows, 1383.00 ms,    0.18 GB/s
[streaming quantize strided] tile    16 rows, 1385.00 ms,    0.18 GB/s
[streaming quantize strided] tile    16 rows, 1210.00 ms,    0.20 GB/s
[streaming quantize strided] tile    16 rows, 1210.00 ms,    0.20 GB/s
[streaming quantize strided] tile    16 rows, 1198.00 ms,    0.21 GB/s
[streaming quantize strided] tile    16 rows, 1199.00 ms,    0.21 GB/s
[streaming quantize strided] tile    16 rows, 1074.00 ms,    0.23 GB/s
[streaming quantize strided] tile    16 rows, 1076.00 ms,    0.23 GB/s
[streaming quantize strided] tile    16 rows, 1226.00 ms,    0.20 GB/s
[streaming quantize strided] tile    16 rows, 1226.00 ms,    0.20 GB/s
[streaming quantize strided] tile    16 rows,   11.00 ms,   22.47 GB/s
[streaming quantize strided] tile    16 rows,   12.00 ms,   20.60 GB/s
[streaming quantize strided] tile    16 rows, 1146.00 ms,    0.22 GB/s
[streaming quantize strided] tile    16 rows, 1146.00 ms,    0.22 GB/s
[streaming quantize strided] tile    16 rows,   11.00 ms,   22.47 GB/s
[streaming quantize strided] tile    16 rows,   12.00 ms,   20.60 GB/s
[streaming quantize strided] tile    16 rows,  797.00 ms,    0.31 GB/s
[streaming quantize strided] tile    16 rows,  797.00 ms,    0.31 GB/s
[streaming quantize strided] tile    16 rows,   99.00 ms,    2.50 GB/s
[streaming quantize strided] tile    16 rows,  100.00 ms,    2.47 GB/s
[streaming quantize strided] tile    16 rows,  956.00 ms,    0.26 GB/s
[streaming quantize strided] tile    16 rows,  957.00 ms,    0.26 GB/s
[streaming quantize strided] tile    16 rows,  817.00 ms,    0.30 GB/s
[streaming quantize strided] tile    16 rows,  818.00 ms,    0.30 GB/s
[streaming quantize strided] tile    16 rows,  997.00 ms,    0.25 GB/s
[streaming quantize strided] tile    16 rows,  997.00 ms,    0.25 GB/s
[streaming quantize strided] tile    16 rows,  950.00 ms,    0.26 GB/s
[streaming quantize strided] tile    16 rows,   44.00 ms,    5.62 GB/s
[streaming quantize strided] tile    16 rows,  950.00 ms,    0.26 GB/s
[streaming quantize strided] tile    16 rows,   38.00 ms,    6.51 GB/s
[streaming quantize strided] tile    16 rows,   39.00 ms,    6.34 GB/s
[streaming quantize strided] tile    16 rows,   47.00 ms,    5.26 GB/s
[streaming quantize strided] tile    16 rows,  791.00 ms,    0.31 GB/s
[streaming quantize strided] tile    16 rows,  792.00 ms,    0.31 GB/s
[streaming quantize strided] tile    16 rows,  821.00 ms,    0.30 GB/s
[streaming quantize strided] tile    16 rows,  824.00 ms,    0.30 GB/s
[streaming quantize strided] tile    16 rows,  914.00 ms,    0.27 GB/s
[streaming quantize strided] tile    16 rows,   11.00 ms,   22.47 GB/s
[streaming quantize strided] tile    16 rows,  928.00 ms,    0.27 GB/s
[streaming quantize strided] tile    16 rows,   11.00 ms,   22.47 GB/s
[streaming quantize strided] tile    16 rows, 1180.00 ms,    0.21 GB/s
[streaming quantize strided] tile    16 rows, 1180.00 ms,    0.21 GB/s
[streaming quantize strided] tile    16 rows,  851.00 ms,    0.29 GB/s
[streaming quantize strided] tile    16 rows,  852.00 ms,    0.29 GB/s
[streaming quantize strided] tile    16 rows, 1043.00 ms,    0.24 GB/s
[streaming quantize strided] tile    16 rows, 1044.00 ms,    0.24 GB/s
[streaming quantize strided] tile    16 rows,  736.00 ms,    0.34 GB/s
[streaming quantize strided] tile    16 rows,  735.00 ms,    0.34 GB/s
[streaming quantize strided] tile    16 rows, 1246.00 ms,    0.20 GB/s
[streaming quantize strided] tile    16 rows, 1247.00 ms,    0.20 GB/s
[streaming quantize strided] tile    16 rows,   22.00 ms,   11.24 GB/s
[streaming quantize strided] tile    16 rows,   23.00 ms,   10.75 GB/s
[streaming quantize strided] tile    16 rows,  901.00 ms,    0.27 GB/s
[streaming quantize strided] tile    16 rows,  902.00 ms,    0.27 GB/s
[streaming quantize strided] tile    16 rows,  885.00 ms,    0.28 GB/s
[streaming quantize strided] tile    16 rows,  885.00 ms,    0.28 GB/s
[streaming quantize strided] tile    16 rows, 1116.00 ms,    0.22 GB/s
[streaming quantize strided] tile    16 rows, 1115.00 ms,    0.22 GB/s
[streaming quantize strided] tile    16 rows,  808.00 ms,    0.31 GB/s
[streaming quantize strided] tile    16 rows,  807.00 ms,    0.31 GB/s
[streaming quantize strided] tile    16 rows,  840.00 ms,    0.29 GB/s
[streaming quantize strided] tile    16 rows,  839.00 ms,    0.29 GB/s
[streaming quantize strided] tile    16 rows, 1093.00 ms,    0.23 GB/s
[streaming quantize strided] tile    16 rows, 1093.00 ms,    0.23 GB/s
[streaming quantize strided] tile    16 rows, 1224.00 ms,    0.20 GB/s
[streaming quantize strided] tile    16 rows, 1224.00 ms,    0.20 GB/s
[streaming quantize strided] tile    16 rows, 1325.00 ms,    0.19 GB/s
[streaming quantize strided] tile    16 rows, 1326.00 ms,    0.19 GB/s
[streaming quantize strided] tile    16 rows, 1634.00 ms,    0.15 GB/s
[streaming quantize strided] tile    16 rows, 1634.00 ms,    0.15 GB/s
[streaming quantize strided] tile    16 rows,  796.00 ms,    0.31 GB/s
[streaming quantize strided] tile    16 rows,  796.00 ms,    0.31 GB/s
[streaming quantize strided] tile    16 rows,   10.00 ms,   24.72 GB/s
[streaming quantize strided] tile    16 rows,   11.00 ms,   22.47 GB/s
[streaming quantize strided] tile    16 rows,   21.00 ms,   11.77 GB/s
[streaming quantize strided] tile    16 rows,   22.00 ms,   11.24 GB/s
[streaming quantize strided] tile    16 rows, 1319.00 ms,    0.19 GB/s
[streaming quantize strided] tile    16 rows, 1320.00 ms,    0.19 GB/s
[streaming quantize strided] tile    16 rows,   10.00 ms,   24.72 GB/s
[streaming quantize strided] tile    16 rows,   12.00 ms,   20.60 GB/s
[streaming quantize strided] tile    16 rows, 1622.00 ms,    0.15 GB/s
[streaming quantize strided] tile    16 rows, 1624.00 ms,    0.15 GB/s
[streaming quantize strided] tile    16 rows,   22.00 ms,   11.24 GB/s
[streaming quantize strided] tile    16 rows,   29.00 ms,    8.52 GB/s
[streaming quantize strided] tile    16 rows, 1134.00 ms,    0.22 GB/s
[streaming quantize strided] tile    16 rows, 1135.00 ms,    0.22 GB/s
[streaming quantize strided] tile    16 rows,   25.00 ms,    9.89 GB/s
[streaming quantize strided] tile    16 rows,   26.00 ms,    9.51 GB/s
[streaming quantize strided] tile    16 rows, 1097.00 ms,    0.23 GB/s
[streaming quantize strided] tile    16 rows, 1090.00 ms,    0.23 GB/s
[streaming quantize strided] tile    16 rows, 1141.00 ms,    0.22 GB/s
[streaming quantize strided] tile    16 rows, 1142.00 ms,    0.22 GB/s
[streaming quantize strided] tile    16 rows,   25.00 ms,    9.89 GB/s
[streaming quantize strided] tile    16 rows,   26.00 ms,    9.51 GB/s
[streaming quantize strided] tile    16 rows, 1770.00 ms,    0.14 GB/s
[streaming quantize strided] tile    16 rows, 1768.00 ms,    0.14 GB/s
[streaming quantize strided] tile    16 rows, 1139.00 ms,    0.22 GB/s
[streaming quantize strided] tile    16 rows, 1140.00 ms,    0.22 GB/s
[streaming quantize strided] tile    16 rows, 1339.00 ms,    0.18 GB/s
[streaming quantize strided] tile    16 rows, 1340.00 ms,    0.18 GB/s
[streaming quantize strided] tile    16 rows,   12.00 ms,   20.60 GB/s
[streaming quantize strided] tile    16 rows,   10.00 ms,   24.72 GB/s
[streaming quantize strided] tile    16 rows, 1241.00 ms,    0.20 GB/s
[streaming quantize strided] tile    16 rows, 1244.00 ms,    0.20 GB/s
[streaming quantize strided] tile    16 rows, 1561.00 ms,    0.16 GB/s
[streaming quantize strided] tile    16 rows, 1561.00 ms,    0.16 GB/s
[streaming quantize strided] tile    16 rows, 1859.00 ms,    0.13 GB/s
[streaming quantize strided] tile    16 rows, 1860.00 ms,    0.13 GB/s
[streaming quantize strided] tile    16 rows, 1286.00 ms,    0.19 GB/s
[streaming quantize strided] tile    16 rows, 1285.00 ms,    0.19 GB/s
[streaming quantize strided] tile    16 rows, 1452.00 ms,    0.17 GB/s
[streaming quantize strided] tile    16 rows, 1453.00 ms,    0.17 GB/s
[streaming quantize strided] tile    16 rows, 1359.00 ms,    0.18 GB/s
[streaming quantize strided] tile    16 rows, 1360.00 ms,    0.18 GB/s
[streaming quantize strided] tile    16 rows,   24.00 ms,   10.30 GB/s
[streaming quantize strided] tile    16 rows,   24.00 ms,   10.30 GB/s
[streaming quantize strided] tile    16 rows, 2069.00 ms,    0.12 GB/s
[streaming quantize strided] tile    16 rows, 2071.00 ms,    0.12 GB/s
[streaming quantize strided] tile    16 rows,  949.00 ms,    0.26 GB/s
[streaming quantize strided] tile    16 rows,  949.00 ms,    0.26 GB/s
[streaming quantize strided] tile    16 rows,  972.00 ms,    0.25 GB/s
[streaming quantize strided] tile    16 rows,  972.00 ms,    0.25 GB/s
[streaming quantize strided] tile    16 rows, 1006.00 ms,    0.25 GB/s
[streaming quantize strided] tile    16 rows, 1008.00 ms,    0.25 GB/s
[streaming quantize strided] tile    16 rows, 1192.00 ms,    0.21 GB/s
[streaming quantize strided] tile    16 rows, 1192.00 ms,    0.21 GB/s
[streaming quantize strided] tile    16 rows,   13.00 ms,   19.01 GB/s
[streaming quantize strided] tile    16 rows,   13.00 ms,   19.01 GB/s
[streaming quantize strided] tile    16 rows, 1540.00 ms,    0.16 GB/s
[streaming quantize strided] tile    16 rows, 1541.00 ms,    0.16 GB/s
[streaming quantize strided] tile    16 rows, 1498.00 ms,    0.17 GB/s
[streaming quantize strided] tile    16 rows, 1497.00 ms,    0.17 GB/s
[streaming quantize strided] tile    16 rows, 1607.00 ms,    0.15 GB/s
[streaming quantize strided] tile    16 rows, 1608.00 ms,    0.15 GB/s
[streaming quantize strided] tile    16 rows, 1227.00 ms,    0.20 GB/s
[streaming quantize strided] tile    16 rows, 1227.00 ms,    0.20 GB/s
[streaming quantize strided] tile    16 rows,   14.00 ms,   17.66 GB/s
[streaming quantize strided] tile    16 rows,   16.00 ms,   15.45 GB/s
[streaming quantize strided] tile    16 rows, 2180.00 ms,    0.11 GB/s
[streaming quantize strided] tile    16 rows, 2181.00 ms,    0.11 GB/s
[streaming quantize strided] tile    16 rows, 1836.00 ms,    0.13 GB/s
[streaming quantize strided] tile    16 rows, 1836.00 ms,    0.13 GB/s
[streaming quantize strided] tile    16 rows,   21.00 ms,   11.77 GB/s
[streaming quantize strided] tile    16 rows,   21.00 ms,   11.77 GB/s
[streaming quantize strided] tile    16 rows, 1355.00 ms,    0.18 GB/s
[streaming quantize strided] tile    16 rows, 1356.00 ms,    0.18 GB/s
[streaming quantize strided] tile    16 rows, 1790.00 ms,    0.14 GB/s
[streaming quantize strided] tile    16 rows, 1792.00 ms,    0.14 GB/s
[streaming quantize strided] tile    16 rows,   11.00 ms,   22.47 GB/s
[streaming quantize strided] tile    16 rows,   11.00 ms,   22.47 GB/s
[streaming quantize strided] tile    16 rows,  110.00 ms,    2.25 GB/s
[streaming quantize strided] tile    16 rows,  110.00 ms,    2.25 GB/s
[streaming quantize strided] tile    16 rows, 1207.00 ms,    0.20 GB/s
[streaming quantize strided] tile    16 rows, 1207.00 ms,    0.20 GB/s
[streaming quantize strided] tile    16 rows, 1565.00 ms,    0.16 GB/s
[streaming quantize strided] tile    16 rows, 1566.00 ms,    0.16 GB/s
[streaming quantize strided] tile    16 rows, 1405.00 ms,    0.18 GB/s
[streaming quantize strided] tile    16 rows, 1406.00 ms,    0.18 GB/s
[streaming quantize strided] tile    16 rows, 1238.00 ms,    0.20 GB/s
[streaming quantize strided] tile    16 rows, 1238.00 ms,    0.20 GB/s
[streaming quantize strided] tile    16 rows, 1138.00 ms,    0.22 GB/s
[streaming quantize strided] tile    16 rows, 1139.00 ms,    0.22 GB/s
[streaming quantize strided] tile    16 rows,   11.00 ms,   22.47 GB/s
[streaming quantize strided] tile    16 rows,   10.00 ms,   24.72 GB/s
[streaming quantize strided] tile    16 rows, 1375.00 ms,    0.18 GB/s
[streaming quantize strided] tile    16 rows, 1375.00 ms,    0.18 GB/s
[streaming quantize strided] tile    16 rows, 1626.00 ms,    0.15 GB/s
[streaming quantize strided] tile    16 rows, 1625.00 ms,    0.15 GB/s
[streaming quantize strided] tile    16 rows,   22.00 ms,   11.24 GB/s
[streaming quantize strided] tile    16 rows,   22.00 ms,   11.24 GB/s
[streaming quantize strided] tile    16 rows, 1291.00 ms,    0.19 GB/s
[streaming quantize strided] tile    16 rows, 1291.00 ms,    0.19 GB/s
[streaming quantize strided] tile    16 rows, 1417.00 ms,    0.17 GB/s
[streaming quantize strided] tile    16 rows, 1419.00 ms,    0.17 GB/s
[streaming quantize strided] tile    16 rows,   25.00 ms,    9.89 GB/s
[streaming quantize strided] tile    16 rows,   27.00 ms,    9.16 GB/s
[streaming quantize strided] tile    16 rows, 1201.00 ms,    0.21 GB/s
[streaming quantize strided] tile    16 rows, 1199.00 ms,    0.21 GB/s
[streaming quantize strided] tile    16 rows, 1395.00 ms,    0.18 GB/s
[streaming quantize strided] tile    16 rows, 1395.00 ms,    0.18 GB/s
[streaming quantize strided] tile    16 rows, 1687.00 ms,    0.15 GB/s
[streaming quantize strided] tile    16 rows, 1687.00 ms,    0.15 GB/s
[streaming quantize strided] tile    16 rows, 1096.00 ms,    0.23 GB/s
[streaming quantize strided] tile    16 rows, 1100.00 ms,    0.22 GB/s
[streaming quantize strided] tile    16 rows, 1112.00 ms,    0.22 GB/s
[streaming quantize strided] tile    16 rows, 1112.00 ms,    0.22 GB/s
[streaming quantize strided] tile    16 rows, 1394.00 ms,    0.18 GB/s
[streaming quantize strided] tile    16 rows, 1394.00 ms,    0.18 GB/s
[streaming quantize strided] tile    16 rows,   11.00 ms,   22.47 GB/s
[streaming quantize strided] tile    16 rows,   11.00 ms,   22.47 GB/s
[streaming quantize strided] tile    16 rows, 1670.00 ms,    0.15 GB/s
[streaming quantize strided] tile    16 rows, 1671.00 ms,    0.15 GB/s
[streaming quantize strided] tile    16 rows, 1622.00 ms,    0.15 GB/s
[streaming quantize strided] tile    16 rows, 1621.00 ms,    0.15 GB/s
[streaming quantize strided] tile    16 rows, 1445.00 ms,    0.17 GB/s
[streaming quantize strided] tile    16 rows, 1445.00 ms,    0.17 GB/s
[streaming quantize strided] tile    16 rows,   11.00 ms,   22.47 GB/s
[streaming quantize strided] tile    16 rows,   11.00 ms,   22.47 GB/s
[streaming quantize strided] tile    16 rows, 1206.00 ms,    0.20 GB/s
[streaming quantize strided] tile    16 rows, 1207.00 ms,    0.20 GB/s
[streaming quantize strided] tile    16 rows, 1423.00 ms,    0.17 GB/s
[streaming quantize strided] tile    16 rows, 1425.00 ms,    0.17 GB/s
[streaming quantize strided] tile    16 rows,   19.00 ms,   13.01 GB/s
[streaming quantize strided] tile    16 rows,   19.00 ms,   13.01 GB/s
[streaming quantize strided] tile    16 rows, 1343.00 ms,    0.18 GB/s
[streaming quantize strided] tile    16 rows, 1343.00 ms,    0.18 GB/s
[streaming quantize strided] tile    16 rows, 1556.00 ms,    0.16 GB/s
[streaming quantize strided] tile    16 rows, 1557.00 ms,    0.16 GB/s
[streaming quantize strided] tile    16 rows,   22.00 ms,   11.24 GB/s
[streaming quantize strided] tile    16 rows,   26.00 ms,    9.51 GB/s
[streaming quantize strided] tile    16 rows,  996.00 ms,    0.25 GB/s
[streaming quantize strided] tile    16 rows,  996.00 ms,    0.25 GB/s
[streaming quantize strided] tile    16 rows, 1191.00 ms,    0.21 GB/s
[streaming quantize strided] tile    16 rows, 1192.00 ms,    0.21 GB/s
[streaming quantize strided] tile    16 rows, 1295.00 ms,    0.19 GB/s
[streaming quantize strided] tile    16 rows, 1036.00 ms,    0.24 GB/s
[streaming quantize strided] tile    16 rows, 1296.00 ms,    0.19 GB/s
[streaming quantize strided] tile    16 rows, 1041.00 ms,    0.24 GB/s
[streaming quantize strided] tile    16 rows, 1195.00 ms,    0.21 GB/s
[streaming quantize strided] tile    16 rows, 1196.00 ms,    0.21 GB/s
[streaming quantize strided] tile    16 rows, 1141.00 ms,    0.22 GB/s
[streaming quantize strided] tile    16 rows, 1142.00 ms,    0.22 GB/s
[streaming quantize strided] tile    16 rows,   11.00 ms,   22.47 GB/s
[streaming quantize strided] tile    16 rows,   10.00 ms,   24.72 GB/s
[streaming quantize strided] tile    16 rows,  897.00 ms,    0.28 GB/s
[streaming quantize strided] tile    16 rows,  899.00 ms,    0.27 GB/s
[streaming quantize strided] tile    16 rows, 1310.00 ms,    0.19 GB/s
[streaming quantize strided] tile    16 rows, 1312.00 ms,    0.19 GB/s
[streaming quantize strided] tile    16 rows,   14.00 ms,   17.66 GB/s
[streaming quantize strided] tile    16 rows,   15.00 ms,   16.48 GB/s
[streaming quantize strided] tile    16 rows, 1024.00 ms,    0.24 GB/s
[streaming quantize strided] tile    16 rows, 1047.00 ms,    0.24 GB/s
[streaming quantize strided] tile    16 rows, 1285.00 ms,    0.19 GB/s
[streaming quantize strided] tile    16 rows, 1285.00 ms,    0.19 GB/s
[streaming quantize strided] tile    16 rows, 1060.00 ms,    0.23 GB/s
[streaming quantize strided] tile    16 rows, 1036.00 ms,    0.24 GB/s
[streaming quantize strided] tile    16 rows,  877.00 ms,    0.28 GB/s
[streaming quantize strided] tile    16 rows,  878.00 ms,    0.28 GB/s
[streaming quantize strided] tile    16 rows,   22.00 ms,   11.24 GB/s
[streaming quantize strided] tile    16 rows,   22.00 ms,   11.24 GB/s
[streaming quantize strided] tile    16 rows,  794.00 ms,    0.31 GB/s
[streaming quantize strided] tile    16 rows,  794.00 ms,    0.31 GB/s
[streaming quantize strided] tile    16 rows,  911.00 ms,    0.27 GB/s
[streaming quantize strided] tile    16 rows,  912.00 ms,    0.27 GB/s
[streaming quantize strided] tile    16 rows, 1201.00 ms,    0.21 GB/s
[streaming quantize strided] tile    16 rows, 1201.00 ms,    0.21 GB/s
[streaming quantize strided] tile    16 rows,   21.00 ms,   11.77 GB/s
[streaming quantize strided] tile    16 rows,   21.00 ms,   11.77 GB/s
[streaming quantize strided] tile    16 rows, 1181.00 ms,    0.21 GB/s
[streaming quantize strided] tile    16 rows, 1181.00 ms,    0.21 GB/s
[streaming quantize strided] tile    16 rows,   11.00 ms,   22.47 GB/s
[streaming quantize strided] tile    16 rows,   12.00 ms,   20.60 GB/s
[streaming quantize strided] tile    16 rows,  861.00 ms,    0.29 GB/s
[streaming quantize strided] tile    16 rows,  862.00 ms,    0.29 GB/s
[streaming quantize strided] tile    16 rows,   10.00 ms,   24.72 GB/s
[streaming quantize strided] tile    16 rows,   11.00 ms,   22.47 GB/s
[streaming quantize strided] tile    16 rows, 1133.00 ms,    0.22 GB/s
[streaming quantize strided] tile    16 rows, 1134.00 ms,    0.22 GB/s
[streaming quantize strided] tile    16 rows, 1171.00 ms,    0.21 GB/s
[streaming quantize strided] tile    16 rows, 1173.00 ms,    0.21 GB/s
[streaming quantize strided] tile    16 rows,  836.00 ms,    0.30 GB/s
[streaming quantize strided] tile    16 rows,  837.00 ms,    0.30 GB/s
[streaming quantize strided] tile    16 rows,   23.00 ms,   10.75 GB/s
[streaming quantize strided] tile    16 rows,   24.00 ms,   10.30 GB/s
[streaming quantize strided] tile    16 rows, 1044.00 ms,    0.24 GB/s
[streaming quantize strided] tile    16 rows, 1045.00 ms,    0.24 GB/s
[streaming quantize strided] tile    16 rows,   26.00 ms,    9.51 GB/s
[streaming quantize strided] tile    16 rows,   26.00 ms,    9.51 GB/s
[streaming quantize strided] tile    16 rows,  667.00 ms,    0.37 GB/s
[streaming quantize strided] tile    16 rows,  667.00 ms,    0.37 GB/s
[streaming quantize strided] tile    16 rows,  882.00 ms,    0.28 GB/s
[streaming quantize strided] tile    16 rows,  882.00 ms,    0.28 GB/s
[streaming quantize strided] tile    16 rows,  651.00 ms,    0.38 GB/s
[streaming quantize strided] tile    16 rows,  651.00 ms,    0.38 GB/s
[streaming quantize strided] tile    16 rows,  982.00 ms,    0.25 GB/s
[streaming quantize strided] tile    16 rows,  982.00 ms,    0.25 GB/s
[streaming quantize strided] tile    16 rows, 1037.00 ms,    0.24 GB/s
[streaming quantize strided] tile    16 rows, 1038.00 ms,    0.24 GB/s
[streaming quantize strided] tile    16 rows, 1390.00 ms,    0.18 GB/s
[streaming quantize strided] tile    16 rows, 1390.00 ms,    0.18 GB/s
[streaming quantize strided] tile    16 rows, 1392.00 ms,    0.18 GB/s
[streaming quantize strided] tile    16 rows, 1392.00 ms,    0.18 GB/s
[streaming quantize strided] tile    16 rows,   13.00 ms,   19.01 GB/s
[streaming quantize strided] tile    16 rows,   14.00 ms,   17.66 GB/s
[streaming quantize strided] tile    16 rows, 1307.00 ms,    0.19 GB/s
[streaming quantize strided] tile    16 rows, 1308.00 ms,    0.19 GB/s
[streaming quantize strided] tile    16 rows, 1430.00 ms,    0.17 GB/s
[streaming quantize strided] tile    16 rows, 1430.00 ms,    0.17 GB/s
[streaming quantize strided] tile    16 rows, 1233.00 ms,    0.20 GB/s
[streaming quantize strided] tile    16 rows, 1232.00 ms,    0.20 GB/s
[streaming quantize strided] tile    16 rows, 1301.00 ms,    0.19 GB/s
[streaming quantize strided] tile    16 rows, 1301.00 ms,    0.19 GB/s
[streaming quantize strided] tile    16 rows, 1528.00 ms,    0.16 GB/s
[streaming quantize strided] tile    16 rows, 1529.00 ms,    0.16 GB/s
[streaming quantize strided] tile    16 rows, 1055.00 ms,    0.23 GB/s
[streaming quantize strided] tile    16 rows, 1055.00 ms,    0.23 GB/s
[streaming quantize strided] tile    16 rows,   22.00 ms,   11.24 GB/s
[streaming quantize strided] tile    16 rows,   23.00 ms,   10.75 GB/s
[streaming quantize strided] tile    16 rows,  964.00 ms,    0.26 GB/s
[streaming quantize strided] tile    16 rows,  963.00 ms,    0.26 GB/s
[streaming quantize strided] tile    16 rows, 1395.00 ms,    0.18 GB/s
[streaming quantize strided] tile    16 rows, 1395.00 ms,    0.18 GB/s
[streaming quantize strided] tile    16 rows,   10.00 ms,   24.72 GB/s
[streaming quantize strided] tile    16 rows,   11.00 ms,   22.47 GB/s
[streaming quantize strided] tile    16 rows,  668.00 ms,    0.37 GB/s
[streaming quantize strided] tile    16 rows,  668.00 ms,    0.37 GB/s
[streaming quantize strided] tile    16 rows,  737.00 ms,    0.34 GB/s
[streaming quantize strided] tile    16 rows,  738.00 ms,    0.33 GB/s
[streaming quantize strided] tile    16 rows,  995.00 ms,    0.25 GB/s
[streaming quantize strided] tile    16 rows,  994.00 ms,    0.25 GB/s
[streaming quantize strided] tile    16 rows,  948.00 ms,    0.26 GB/s
[streaming quantize strided] tile    16 rows,  948.00 ms,    0.26 GB/s
[streaming quantize strided] tile    16 rows,   12.00 ms,   20.60 GB/s
[streaming quantize strided] tile    16 rows,   13.00 ms,   19.01 GB/s
[streaming quantize strided] tile    16 rows, 1005.00 ms,    0.25 GB/s
[streaming quantize strided] tile    16 rows, 1006.00 ms,    0.25 GB/s
[streaming quantize strided] tile    16 rows,  997.00 ms,    0.25 GB/s
[streaming quantize strided] tile    16 rows,  997.00 ms,    0.25 GB/s
[streaming quantize strided] tile    16 rows,   11.00 ms,   22.47 GB/s
[streaming quantize strided] tile    16 rows,   11.00 ms,   22.47 GB/s
[streaming quantize strided] tile    16 rows,   26.00 ms,    9.51 GB/s
[streaming quantize strided] tile    16 rows,   27.00 ms,    9.16 GB/s
[streaming quantize strided] tile    16 rows, 1077.00 ms,    0.23 GB/s
[streaming quantize strided] tile    16 rows, 1076.00 ms,    0.23 GB/s
[streaming quantize strided] tile    16 rows, 1282.00 ms,    0.19 GB/s
[streaming quantize strided] tile    16 rows, 1282.00 ms,    0.19 GB/s
[streaming quantize strided] tile    16 rows,   24.00 ms,   10.30 GB/s
[streaming quantize strided] tile    16 rows,   24.00 ms,   10.30 GB/s
[streaming quantize strided] tile    16 rows, 1607.00 ms,    0.15 GB/s
[streaming quantize strided] tile    16 rows, 1609.00 ms,    0.15 GB/s
[streaming quantize strided] tile    16 rows,   24.00 ms,   10.30 GB/s
[streaming quantize strided] tile    16 rows,   25.00 ms,    9.89 GB/s
[streaming quantize strided] tile    16 rows, 1145.00 ms,    0.22 GB/s
[streaming quantize strided] tile    16 rows, 1146.00 ms,    0.22 GB/s
[streaming quantize strided] tile    16 rows, 1077.00 ms,    0.23 GB/s
[streaming quantize strided] tile    16 rows, 1077.00 ms,    0.23 GB/s
[streaming quantize strided] tile    16 rows, 1453.00 ms,    0.17 GB/s
[streaming quantize strided] tile    16 rows, 1452.00 ms,    0.17 GB/s
[streaming quantize strided] tile    16 rows, 1233.00 ms,    0.20 GB/s
[streaming quantize strided] tile    16 rows, 1232.00 ms,    0.20 GB/s
[streaming quantize strided] tile    16 rows, 1163.00 ms,    0.21 GB/s
[streaming quantize strided] tile    16 rows, 1163.00 ms,    0.21 GB/s
[streaming quantize strided] tile    16 rows,   10.00 ms,   24.72 GB/s
[streaming quantize strided] tile    16 rows,   10.00 ms,   24.72 GB/s
[streaming quantize strided] tile    16 rows, 1482.00 ms,    0.17 GB/s
[streaming quantize strided] tile    16 rows, 1484.00 ms,    0.17 GB/s
[streaming quantize strided] tile    16 rows, 1040.00 ms,    0.24 GB/s
[streaming quantize strided] tile    16 rows, 1043.00 ms,    0.24 GB/s
[streaming quantize strided] tile    16 rows, 1528.00 ms,    0.16 GB/s
[streaming quantize strided] tile    16 rows, 1528.00 ms,    0.16 GB/s
[streaming quantize strided] tile    16 rows,  725.00 ms,    0.34 GB/s
[streaming quantize strided] tile    16 rows,  727.00 ms,    0.34 GB/s
[streaming quantize strided] tile    16 rows, 1163.00 ms,    0.21 GB/s
[streaming quantize strided] tile    16 rows, 1165.00 ms,    0.21 GB/s
[streaming quantize strided] tile    16 rows, 1135.00 ms,    0.22 GB/s
[streaming quantize strided] tile    16 rows, 1135.00 ms,    0.22 GB/s
[streaming quantize strided] tile    16 rows, 1049.00 ms,    0.24 GB/s
[streaming quantize strided] tile    16 rows, 1050.00 ms,    0.24 GB/s
[streaming quantize strided] tile    16 rows,   27.00 ms,    9.16 GB/s
[streaming quantize strided] tile    16 rows,   22.00 ms,   11.24 GB/s
[streaming quantize strided] tile    16 rows,  869.00 ms,    0.28 GB/s
[streaming quantize strided] tile    16 rows,  868.00 ms,    0.28 GB/s
[streaming quantize strided] tile    16 rows,  824.00 ms,    0.30 GB/s
[streaming quantize strided] tile    16 rows,  824.00 ms,    0.30 GB/s
[streaming quantize strided] tile    16 rows, 1204.00 ms,    0.21 GB/s
[streaming quantize strided] tile    16 rows, 1204.00 ms,    0.21 GB/s
[streaming quantize strided] tile    16 rows, 1048.00 ms,    0.24 GB/s
[streaming quantize strided] tile    16 rows, 1048.00 ms,    0.24 GB/s
[streaming quantize strided] tile    16 rows,  998.00 ms,    0.25 GB/s
[streaming quantize strided] tile    16 rows, 1021.00 ms,    0.24 GB/s
[streaming quantize strided] tile    16 rows, 1144.00 ms,    0.22 GB/s
[streaming quantize strided] tile    16 rows, 1144.00 ms,    0.22 GB/s
[streaming quantize strided] tile    16 rows,   13.00 ms,   19.01 GB/s
[streaming quantize strided] tile    16 rows,   13.00 ms,   19.01 GB/s
[streaming quantize strided] tile    16 rows, 1138.00 ms,    0.22 GB/s
[streaming quantize strided] tile    16 rows, 1139.00 ms,    0.22 GB/s
[streaming quantize strided] tile    16 rows, 1152.00 ms,    0.21 GB/s
[streaming quantize strided] tile    16 rows, 1129.00 ms,    0.22 GB/s
[streaming quantize strided] tile    16 rows, 1517.00 ms,    0.16 GB/s
[streaming quantize strided] tile    16 rows, 1518.00 ms,    0.16 GB/s
[streaming quantize strided] tile    16 rows,   11.00 ms,   22.47 GB/s
[streaming quantize strided] tile    16 rows,   11.00 ms,   22.47 GB/s
[streaming quantize strided] tile    16 rows,   24.00 ms,   10.30 GB/s
[streaming quantize strided] tile    16 rows,   24.00 ms,   10.30 GB/s
[streaming quantize strided] tile    16 rows,  943.00 ms,    0.26 GB/s
[streaming quantize strided] tile    16 rows,  943.00 ms,    0.26 GB/s
[streaming quantize strided] tile    16 rows,  893.00 ms,    0.28 GB/s
[streaming quantize strided] tile    16 rows,  893.00 ms,    0.28 GB/s
[streaming quantize strided] tile    16 rows,   31.00 ms,    7.97 GB/s
[streaming quantize strided] tile    16 rows,   32.00 ms,    7.72 GB/s
[streaming quantize strided] tile    16 rows,   27.00 ms,    9.16 GB/s
[streaming quantize strided] tile    16 rows,   26.00 ms,    9.51 GB/s
[streaming quantize strided] tile    16 rows,  759.00 ms,    0.33 GB/s
[streaming quantize strided] tile    16 rows,  760.00 ms,    0.33 GB/s
[streaming quantize strided] tile    16 rows,   21.00 ms,   11.77 GB/s
[streaming quantize strided] tile    16 rows,   22.00 ms,   11.24 GB/s
[streaming quantize strided] tile    16 rows, 1137.00 ms,    0.22 GB/s
[streaming quantize strided] tile    16 rows, 1138.00 ms,    0.22 GB/s
[streaming quantize strided] tile    16 rows, 1369.00 ms,    0.18 GB/s
[streaming quantize strided] tile    16 rows, 1369.00 ms,    0.18 GB/s
[streaming quantize strided] tile    16 rows,  545.00 ms,    0.45 GB/s
[streaming quantize strided] tile    16 rows,  546.00 ms,    0.45 GB/s
[streaming quantize strided] tile    16 rows, 1434.00 ms,    0.17 GB/s
[streaming quantize strided] tile    16 rows, 1435.00 ms,    0.17 GB/s
[streaming quantize strided] tile    16 rows,   11.00 ms,   22.47 GB/s
[streaming quantize strided] tile    16 rows,   11.00 ms,   22.47 GB/s
[streaming quantize strided] tile    16 rows, 1237.00 ms,    0.20 GB/s
[streaming quantize strided] tile    16 rows, 1238.00 ms,    0.20 GB/s
[streaming quantize strided] tile    16 rows,  841.00 ms,    0.29 GB/s
[streaming quantize strided] tile    16 rows,  841.00 ms,    0.29 GB/s
[streaming quantize strided] tile    16 rows,  827.00 ms,    0.30 GB/s
[streaming quantize strided] tile    16 rows,  826.00 ms,    0.30 GB/s
[streaming quantize strided] tile    16 rows,  889.00 ms,    0.28 GB/s
[streaming quantize strided] tile    16 rows,  889.00 ms,    0.28 GB/s
[streaming quantize strided] tile    16 rows, 1107.00 ms,    0.22 GB/s
[streaming quantize strided] tile    16 rows, 1107.00 ms,    0.22 GB/s
[streaming quantize strided] tile    16 rows, 1557.00 ms,    0.16 GB/s
[streaming quantize strided] tile    16 rows, 1559.00 ms,    0.16 GB/s
[streaming quantize strided] tile    16 rows, 1204.00 ms,    0.21 GB/s
[streaming quantize strided] tile    16 rows, 1204.00 ms,    0.21 GB/s
[streaming quantize strided] tile    16 rows, 1137.00 ms,    0.22 GB/s
[streaming quantize strided] tile    16 rows, 1138.00 ms,    0.22 GB/s
[streaming quantize strided] tile    16 rows,   22.00 ms,   11.24 GB/s
[streaming quantize strided] tile    16 rows,   23.00 ms,   10.75 GB/s
[streaming quantize strided] tile    16 rows, 1476.00 ms,    0.17 GB/s
[streaming quantize strided] tile    16 rows, 1475.00 ms,    0.17 GB/s
[streaming quantize strided] tile    16 rows, 1070.00 ms,    0.23 GB/s
[streaming quantize strided] tile    16 rows, 1069.00 ms,    0.23 GB/s
[streaming quantize strided] tile    16 rows, 1253.00 ms,    0.20 GB/s
[streaming quantize strided] tile    16 rows, 1253.00 ms,    0.20 GB/s
[streaming quantize strided] tile    16 rows,   10.00 ms,   24.72 GB/s
[streaming quantize strided] tile    16 rows,   10.00 ms,   24.72 GB/s
[streaming quantize strided] tile    16 rows, 1264.00 ms,    0.20 GB/s
[streaming quantize strided] tile    16 rows, 1263.00 ms,    0.20 GB/s
[streaming quantize strided] tile    16 rows, 1371.00 ms,    0.18 GB/s
[streaming quantize strided] tile    16 rows, 1371.00 ms,    0.18 GB/s
[streaming quantize strided] tile    16 rows,  955.00 ms,    0.26 GB/s
[streaming quantize strided] tile    16 rows,  956.00 ms,    0.26 GB/s
[streaming quantize strided] tile    16 rows,   11.00 ms,   22.47 GB/s
[streaming quantize strided] tile    16 rows,   13.00 ms,   19.01 GB/s
[streaming quantize strided] tile    16 rows,  983.00 ms,    0.25 GB/s
[streaming quantize strided] tile    16 rows,  983.00 ms,    0.25 GB/s
[streaming quantize strided] tile    16 rows, 1324.00 ms,    0.19 GB/s
[streaming quantize strided] tile    16 rows, 1324.00 ms,    0.19 GB/s
[streaming quantize strided] tile    16 rows, 1112.00 ms,    0.22 GB/s
[streaming quantize strided] tile    16 rows, 1113.00 ms,    0.22 GB/s
[streaming quantize strided] tile    16 rows,   24.00 ms,   10.30 GB/s
[streaming quantize strided] tile    16 rows,   26.00 ms,    9.51 GB/s
[streaming quantize strided] tile    16 rows, 1137.00 ms,    0.22 GB/s
[streaming quantize strided] tile    16 rows, 1138.00 ms,    0.22 GB/s
[streaming quantize strided] tile    16 rows,   12.00 ms,   20.60 GB/s
[streaming quantize strided] tile    16 rows,   13.00 ms,   19.01 GB/s
[streaming quantize strided] tile    16 rows, 1176.00 ms,    0.21 GB/s
[streaming quantize strided] tile    16 rows, 1177.00 ms,    0.21 GB/s
[streaming quantize strided] tile    16 rows,   24.00 ms,   10.30 GB/s
[streaming quantize strided] tile    16 rows,   24.00 ms,   10.30 GB/s
[streaming quantize strided] tile    16 rows, 1306.00 ms,    0.19 GB/s
[streaming quantize strided] tile    16 rows, 1305.00 ms,    0.19 GB/s
[streaming quantize strided] tile    16 rows,  748.00 ms,    0.33 GB/s
[streaming quantize strided] tile    16 rows,  748.00 ms,    0.33 GB/s
[streaming quantize strided] tile    16 rows,  943.00 ms,    0.26 GB/s
[streaming quantize strided] tile    16 rows,  943.00 ms,    0.26 GB/s
[streaming quantize strided] tile    16 rows,  897.00 ms,    0.28 GB/s
[streaming quantize strided] tile    16 rows,  901.00 ms,    0.27 GB/s
[streaming quantize strided] tile    16 rows,  766.00 ms,    0.32 GB/s
[streaming quantize strided] tile    16 rows,  766.00 ms,    0.32 GB/s
[streaming quantize strided] tile    16 rows,   12.00 ms,   20.60 GB/s
[streaming quantize strided] tile    16 rows,   13.00 ms,   19.01 GB/s
[streaming quantize strided] tile    16 rows,  834.00 ms,    0.30 GB/s
[streaming quantize strided] tile    16 rows,  834.00 ms,    0.30 GB/s
[streaming quantize strided] tile    16 rows,  990.00 ms,    0.25 GB/s
[streaming quantize strided] tile    16 rows,  994.00 ms,    0.25 GB/s
[streaming quantize strided] tile    16 rows,   20.00 ms,   12.36 GB/s
[streaming quantize strided] tile    16 rows,   21.00 ms,   11.77 GB/s
[streaming quantize strided] tile    16 rows, 1159.00 ms,    0.21 GB/s
[streaming quantize strided] tile    16 rows, 1159.00 ms,    0.21 GB/s
[streaming quantize strided] tile    16 rows, 1045.00 ms,    0.24 GB/s
[streaming quantize strided] tile    16 rows, 1046.00 ms,    0.24 GB/s
[streaming quantize strided] tile    16 rows,  868.00 ms,    0.28 GB/s
[streaming quantize strided] tile    16 rows,  868.00 ms,    0.28 GB/s
[streaming quantize strided] tile    16 rows, 1361.00 ms,    0.18 GB/s
[streaming quantize strided] tile    16 rows, 1360.00 ms,    0.18 GB/s
[streaming quantize strided] tile    16 rows,  729.00 ms,    0.34 GB/s
[streaming quantize strided] tile    16 rows,  730.00 ms,    0.34 GB/s
[streaming quantize strided] tile    16 rows,   29.00 ms,    8.52 GB/s
[streaming quantize strided] tile    16 rows,   22.00 ms,   11.24 GB/s
[streaming quantize strided] tile    16 rows,  868.00 ms,    0.28 GB/s
[streaming quantize strided] tile    16 rows,  868.00 ms,    0.28 GB/s
[streaming quantize strided] tile    16 rows, 1013.00 ms,    0.24 GB/s
[streaming quantize strided] tile    16 rows, 1014.00 ms,    0.24 GB/s
[streaming quantize strided] tile    16 rows,   11.00 ms,   22.47 GB/s
[streaming quantize strided] tile    16 rows,   10.00 ms,   24.72 GB/s
[streaming quantize strided] tile    16 rows, 1014.00 ms,    0.24 GB/s
[streaming quantize strided] tile    16 rows, 1014.00 ms,    0.24 GB/s
[streaming quantize strided] tile    16 rows, 1316.00 ms,    0.19 GB/s
[streaming quantize strided] tile    16 rows, 1317.00 ms,    0.19 GB/s
[streaming quantize strided] tile    16 rows,  883.00 ms,    0.28 GB/s
[streaming quantize strided] tile    16 rows,  884.00 ms,    0.28 GB/s
[streaming quantize strided] tile    16 rows,   11.00 ms,   22.47 GB/s
[streaming quantize strided] tile    16 rows,   11.00 ms,   22.47 GB/s
[streaming quantize strided] tile    16 rows,  705.00 ms,    0.35 GB/s
[streaming quantize strided] tile    16 rows,  707.00 ms,    0.35 GB/s
[streaming quantize strided] tile    16 rows, 1012.00 ms,    0.24 GB/s
[streaming quantize strided] tile    16 rows, 1012.00 ms,    0.24 GB/s
[streaming quantize strided] tile    16 rows,  706.00 ms,    0.35 GB/s
[streaming quantize strided] tile    16 rows,  708.00 ms,    0.35 GB/s
[streaming quantize strided] tile    16 rows,   24.00 ms,   10.30 GB/s
[streaming quantize strided] tile    16 rows,   24.00 ms,   10.30 GB/s
[streaming quantize strided] tile    16 rows,  650.00 ms,    0.38 GB/s
[streaming quantize strided] tile    16 rows,  650.00 ms,    0.38 GB/s
[streaming quantize strided] tile    16 rows, 1107.00 ms,    0.22 GB/s
[streaming quantize strided] tile    16 rows, 1108.00 ms,    0.22 GB/s
[streaming quantize strided] tile    16 rows,  953.00 ms,    0.26 GB/s
[streaming quantize strided] tile    16 rows,  954.00 ms,    0.26 GB/s
[streaming quantize strided] tile    16 rows,   23.00 ms,   10.75 GB/s
[streaming quantize strided] tile    16 rows,   24.00 ms,   10.30 GB/s
[streaming quantize strided] tile    16 rows, 1083.00 ms,    0.23 GB/s
[streaming quantize strided] tile    16 rows, 1084.00 ms,    0.23 GB/s
[streaming quantize strided] tile    16 rows, 1325.00 ms,    0.19 GB/s
[streaming quantize strided] tile    16 rows, 1325.00 ms,    0.19 GB/s
[streaming quantize strided] tile    16 rows,  760.00 ms,    0.33 GB/s
[streaming quantize strided] tile    16 rows,  759.00 ms,    0.33 GB/s
[streaming quantize strided] tile    16 rows,   11.00 ms,   22.47 GB/s
[streaming quantize strided] tile    16 rows,   11.00 ms,   22.47 GB/s
[streaming quantize strided] tile    16 rows,  903.00 ms,    0.27 GB/s
[streaming quantize strided] tile    16 rows,  903.00 ms,    0.27 GB/s
[streaming quantize strided] tile    16 rows,  859.00 ms,    0.29 GB/s
[streaming quantize strided] tile    16 rows,  859.00 ms,    0.29 GB/s
[streaming quantize strided] tile    16 rows, 1011.00 ms,    0.24 GB/s
[streaming quantize strided] tile    16 rows, 1011.00 ms,    0.24 GB/s
[streaming quantize strided] tile    16 rows,   11.00 ms,   22.47 GB/s
[streaming quantize strided] tile    16 rows,   10.00 ms,   24.72 GB/s
[streaming quantize strided] tile    16 rows,  803.00 ms,    0.31 GB/s
[streaming quantize strided] tile    16 rows,  802.00 ms,    0.31 GB/s
[streaming quantize strided] tile    16 rows,  670.00 ms,    0.37 GB/s
[streaming quantize strided] tile    16 rows,  670.00 ms,    0.37 GB/s
[streaming quantize strided] tile    16 rows,  623.00 ms,    0.40 GB/s
[streaming quantize strided] tile    16 rows,  623.00 ms,    0.40 GB/s
[streaming quantize strided] tile    16 rows,  631.00 ms,    0.39 GB/s
[streaming quantize strided] tile    16 rows,  631.00 ms,    0.39 GB/s
[streaming quantize strided] tile    16 rows,   23.00 ms,   10.75 GB/s
[streaming quantize strided] tile    16 rows,   24.00 ms,   10.30 GB/s
[streaming quantize strided] tile    16 rows,  648.00 ms,    0.38 GB/s
[streaming quantize strided] tile    16 rows,  648.00 ms,    0.38 GB/s
[streaming quantize strided] tile    16 rows,  661.00 ms,    0.37 GB/s
[streaming quantize strided] tile    16 rows,  661.00 ms,    0.37 GB/s
[streaming quantize strided] tile    16 rows,  718.00 ms,    0.34 GB/s
[streaming quantize strided] tile    16 rows,  719.00 ms,    0.34 GB/s
[streaming quantize strided] tile    16 rows,   21.00 ms,   11.77 GB/s
[streaming quantize strided] tile    16 rows,   22.00 ms,   11.24 GB/s
[streaming quantize strided] tile    16 rows,  609.00 ms,    0.41 GB/s
[streaming quantize strided] tile    16 rows,  609.00 ms,    0.41 GB/s
[streaming quantize strided] tile    16 rows,  711.00 ms,    0.35 GB/s
[streaming quantize strided] tile    16 rows,  712.00 ms,    0.35 GB/s
[streaming quantize strided] tile    16 rows,   11.00 ms,   22.47 GB/s
[streaming quantize strided] tile    16 rows,   11.00 ms,   22.47 GB/s
[streaming quantize strided] tile    16 rows, 1013.00 ms,    0.24 GB/s
[streaming quantize strided] tile    16 rows, 1012.00 ms,    0.24 GB/s
[streaming quantize strided] tile    16 rows, 1061.00 ms,    0.23 GB/s
[streaming quantize strided] tile    16 rows, 1062.00 ms,    0.23 GB/s
[streaming quantize strided] tile    16 rows,  973.00 ms,    0.25 GB/s
[streaming quantize strided] tile    16 rows,  973.00 ms,    0.25 GB/s
[streaming quantize strided] tile    16 rows,   11.00 ms,   22.47 GB/s
[streaming quantize strided] tile    16 rows,   10.00 ms,   24.72 GB/s
[streaming quantize strided] tile    16 rows,  868.00 ms,    0.28 GB/s
[streaming quantize strided] tile    16 rows,  868.00 ms,    0.28 GB/s
[streaming quantize strided] tile    16 rows, 1186.00 ms,    0.21 GB/s
[streaming quantize strided] tile    16 rows, 1189.00 ms,    0.21 GB/s
[streaming quantize strided] tile    16 rows,   30.00 ms,    8.24 GB/s
[streaming quantize strided] tile    16 rows,   31.00 ms,    7.97 GB/s
[streaming quantize strided] tile    16 rows,  835.00 ms,    0.30 GB/s
[streaming quantize strided] tile    16 rows,  835.00 ms,    0.30 GB/s
[streaming quantize strided] tile    16 rows,  927.00 ms,    0.27 GB/s
[streaming quantize strided] tile    16 rows,  932.00 ms,    0.27 GB/s
[streaming quantize strided] tile    16 rows,   22.00 ms,   11.24 GB/s
[streaming quantize strided] tile    16 rows,   23.00 ms,   10.75 GB/s
[streaming quantize strided] tile    16 rows, 1062.00 ms,    0.23 GB/s
[streaming quantize strided] tile    16 rows, 1063.00 ms,    0.23 GB/s
[streaming quantize strided] tile    16 rows, 1061.00 ms,    0.23 GB/s
[streaming quantize strided] tile    16 rows, 1064.00 ms,    0.23 GB/s
[streaming quantize strided] tile    16 rows, 1192.00 ms,    0.21 GB/s
[streaming quantize strided] tile    16 rows, 1194.00 ms,    0.21 GB/s
[streaming quantize strided] tile    16 rows, 1204.00 ms,    0.21 GB/s
[streaming quantize strided] tile    16 rows, 1204.00 ms,    0.21 GB/s
[streaming quantize strided] tile    16 rows, 1364.00 ms,    0.18 GB/s
[streaming quantize strided] tile    16 rows, 1363.00 ms,    0.18 GB/s
[streaming quantize strided] tile    16 rows, 1195.00 ms,    0.21 GB/s
[streaming quantize strided] tile    16 rows, 1192.00 ms,    0.21 GB/s
[streaming quantize strided] tile    16 rows,   10.00 ms,   24.72 GB/s
[streaming quantize strided] tile    16 rows,   11.00 ms,   22.47 GB/s
[streaming quantize strided] tile    16 rows,  715.00 ms,    0.35 GB/s
[streaming quantize strided] tile    16 rows,  714.00 ms,    0.35 GB/s
[streaming quantize strided] tile    16 rows,  815.00 ms,    0.30 GB/s
[streaming quantize strided] tile    16 rows,  815.00 ms,    0.30 GB/s
[streaming quantize strided] tile    16 rows,  841.00 ms,    0.29 GB/s
[streaming quantize strided] tile    16 rows,  842.00 ms,    0.29 GB/s
[streaming quantize strided] tile    16 rows,  744.00 ms,    0.33 GB/s
[streaming quantize strided] tile    16 rows,  744.00 ms,    0.33 GB/s
[streaming quantize strided] tile    16 rows,  879.00 ms,    0.28 GB/s
[streaming quantize strided] tile    16 rows,  879.00 ms,    0.28 GB/s
[streaming quantize strided] tile    16 rows, 1044.00 ms,    0.24 GB/s
[streaming quantize strided] tile    16 rows, 1043.00 ms,    0.24 GB/s
[streaming quantize strided] tile    16 rows,   11.00 ms,   22.47 GB/s
[streaming quantize strided] tile    16 rows,   11.00 ms,   22.47 GB/s
[streaming quantize strided] tile    16 rows,  666.00 ms,    0.37 GB/s
[streaming quantize strided] tile    16 rows,  669.00 ms,    0.37 GB/s
[streaming quantize strided] tile    16 rows,   24.00 ms,   10.30 GB/s
[streaming quantize strided] tile    16 rows,   25.00 ms,    9.89 GB/s
[streaming quantize strided] tile    16 rows,  989.00 ms,    0.25 GB/s
[streaming quantize strided] tile    16 rows,  989.00 ms,    0.25 GB/s
[streaming quantize strided] tile    16 rows, 1018.00 ms,    0.24 GB/s
[streaming quantize strided] tile    16 rows, 1016.00 ms,    0.24 GB/s
[streaming quantize strided] tile    16 rows,  607.00 ms,    0.41 GB/s
[streaming quantize strided] tile    16 rows,  607.00 ms,    0.41 GB/s
[streaming quantize strided] tile    16 rows,   11.00 ms,   22.47 GB/s
[streaming quantize strided] tile    16 rows,   12.00 ms,   20.60 GB/s
[streaming quantize strided] tile    16 rows,  877.00 ms,    0.28 GB/s
[streaming quantize strided] tile    16 rows,  877.00 ms,    0.28 GB/s
[streaming quantize strided] tile    16 rows,  505.00 ms,    0.49 GB/s
[streaming quantize strided] tile    16 rows,  506.00 ms,    0.49 GB/s
[streaming quantize strided] tile    16 rows,   11.00 ms,   22.47 GB/s
[streaming quantize strided] tile    16 rows,   11.00 ms,   22.47 GB/s
[streaming quantize strided] tile    16 rows,  840.00 ms,    0.29 GB/s
[streaming quantize strided] tile    16 rows,  846.00 ms,    0.29 GB/s
[streaming quantize strided] tile    16 rows,   21.00 ms,   11.77 GB/s
[streaming quantize strided] tile    16 rows,   22.00 ms,   11.24 GB/s
[streaming quantize strided] tile    16 rows,  638.00 ms,    0.39 GB/s
[streaming quantize strided] tile    16 rows,  633.00 ms,    0.39 GB/s
[streaming quantize strided] tile    16 rows,   25.00 ms,    9.89 GB/s
[streaming quantize strided] tile    16 rows,   24.00 ms,   10.30 GB/s
[streaming quantize strided] tile    16 rows,  960.00 ms,    0.26 GB/s
[streaming quantize strided] tile    16 rows,  960.00 ms,    0.26 GB/s
[streaming quantize strided] tile    16 rows,   27.00 ms,    9.16 GB/s
[streaming quantize strided] tile    16 rows,   27.00 ms,    9.16 GB/s
[streaming quantize strided] tile    16 rows,  528.00 ms,    0.47 GB/s
[streaming quantize strided] tile    16 rows,  528.00 ms,    0.47 GB/s
[streaming quantize strided] tile    16 rows,  848.00 ms,    0.29 GB/s
[streaming quantize strided] tile    16 rows,  848.00 ms,    0.29 GB/s
[streaming quantize strided] tile    16 rows,  971.00 ms,    0.25 GB/s
[streaming quantize strided] tile    16 rows,  971.00 ms,    0.25 GB/s
[streaming quantize strided] tile    16 rows,  788.00 ms,    0.31 GB/s
[streaming quantize strided] tile    16 rows,  789.00 ms,    0.31 GB/s
[streaming quantize strided] tile    16 rows, 1110.00 ms,    0.22 GB/s
[streaming quantize strided] tile    16 rows, 1112.00 ms,    0.22 GB/s
[streaming quantize strided] tile    16 rows,  478.00 ms,    0.52 GB/s
[streaming quantize strided] tile    16 rows,  479.00 ms,    0.52 GB/s
[streaming quantize strided] tile    16 rows,   12.00 ms,   20.60 GB/s
[streaming quantize strided] tile    16 rows,   11.00 ms,   22.47 GB/s
[streaming quantize strided] tile    16 rows,  714.00 ms,    0.35 GB/s
[streaming quantize strided] tile    16 rows,  714.00 ms,    0.35 GB/s
[streaming quantize strided] tile    16 rows,  840.00 ms,    0.29 GB/s
[streaming quantize strided] tile    16 rows,  840.00 ms,    0.29 GB/s
[streaming quantize strided] tile    16 rows,  820.00 ms,    0.30 GB/s
[streaming quantize strided] tile    16 rows,  820.00 ms,    0.30 GB/s
[streaming quantize strided] tile    16 rows,  410.00 ms,    0.60 GB/s
[streaming quantize strided] tile    16 rows,  411.00 ms,    0.60 GB/s
[streaming quantize strided] tile    16 rows,  382.00 ms,    0.65 GB/s
[streaming quantize strided] tile    16 rows,  384.00 ms,    0.64 GB/s
[streaming quantize strided] tile    16 rows,  800.00 ms,    0.31 GB/s
[streaming quantize strided] tile    16 rows,  800.00 ms,    0.31 GB/s
[streaming quantize strided] tile    16 rows,  760.00 ms,    0.33 GB/s
[streaming quantize strided] tile    16 rows,  763.00 ms,    0.32 GB/s
[streaming quantize strided] tile    16 rows,  792.00 ms,    0.31 GB/s
[streaming quantize strided] tile    16 rows,  794.00 ms,    0.31 GB/s
[streaming quantize strided] tile    16 rows,   21.00 ms,   11.77 GB/s
[streaming quantize strided] tile    16 rows,   30.00 ms,    8.24 GB/s
[streaming quantize strided] tile    16 rows,  718.00 ms,    0.34 GB/s
[streaming quantize strided] tile    16 rows,  718.00 ms,    0.34 GB/s
[streaming quantize strided] tile    16 rows,  791.00 ms,    0.31 GB/s
[streaming quantize strided] tile    16 rows,  790.00 ms,    0.31 GB/s
[streaming quantize strided] tile    16 rows,  678.00 ms,    0.36 GB/s
[streaming quantize strided] tile    16 rows,  686.00 ms,    0.36 GB/s
[streaming quantize strided] tile    16 rows,  849.00 ms,    0.29 GB/s
[streaming quantize strided] tile    16 rows,  851.00 ms,    0.29 GB/s
[streaming quantize strided] tile    16 rows,  696.00 ms,    0.36 GB/s
[streaming quantize strided] tile    16 rows,  696.00 ms,    0.36 GB/s
[streaming quantize strided] tile    16 rows,   11.00 ms,   22.47 GB/s
[streaming quantize strided] tile    16 rows,   11.00 ms,   22.47 GB/s
[streaming quantize strided] tile    16 rows,  698.00 ms,    0.35 GB/s
[streaming quantize strided] tile    16 rows,  698.00 ms,    0.35 GB/s
[streaming quantize strided] tile    16 rows,  754.00 ms,    0.33 GB/s
[streaming quantize strided] tile    16 rows,  755.00 ms,    0.33 GB/s
[streaming quantize strided] tile    16 rows,   11.00 ms,   22.47 GB/s
[streaming quantize strided] tile    16 rows,   26.00 ms,    9.51 GB/s
[streaming quantize strided] tile    16 rows,  753.00 ms,    0.33 GB/s
[streaming quantize strided] tile    16 rows,  752.00 ms,    0.33 GB/s
[streaming quantize strided] tile    16 rows,   11.00 ms,   22.47 GB/s
[streaming quantize strided] tile    16 rows,   12.00 ms,   20.60 GB/s
[streaming quantize strided] tile    16 rows,  627.00 ms,    0.39 GB/s
[streaming quantize strided] tile    16 rows,  627.00 ms,    0.39 GB/s
[streaming quantize strided] tile    16 rows,  912.00 ms,    0.27 GB/s
[streaming quantize strided] tile    16 rows,  930.00 ms,    0.27 GB/s
[streaming quantize strided] tile    16 rows,   36.00 ms,    6.87 GB/s
[streaming quantize strided] tile    16 rows,   37.00 ms,    6.68 GB/s
[streaming quantize strided] tile    16 rows,   32.00 ms,    7.72 GB/s
[streaming quantize strided] tile    16 rows,   31.00 ms,    7.97 GB/s
[streaming quantize strided] tile    16 rows,   34.00 ms,    7.27 GB/s
[streaming quantize strided] tile    16 rows,   35.00 ms,    7.06 GB/s
[streaming quantize strided] tile    16 rows, 1203.00 ms,    0.21 GB/s
[streaming quantize strided] tile    16 rows, 1221.00 ms,    0.20 GB/s
[streaming quantize strided] tile    16 rows, 1001.00 ms,    0.25 GB/s
[streaming quantize strided] tile    16 rows, 1001.00 ms,    0.25 GB/s
[streaming quantize strided] tile    16 rows, 1215.00 ms,    0.20 GB/s
[streaming quantize strided] tile    16 rows, 1215.00 ms,    0.20 GB/s
[streaming quantize strided] tile    16 rows,  961.00 ms,    0.26 GB/s
[streaming quantize strided] tile    16 rows,  959.00 ms,    0.26 GB/s
[streaming quantize strided] tile    16 rows,  732.00 ms,    0.34 GB/s
[streaming quantize strided] tile    16 rows,  733.00 ms,    0.34 GB/s
[streaming quantize strided] tile    16 rows,   11.00 ms,   22.47 GB/s
[streaming quantize strided] tile    16 rows,   11.00 ms,   22.47 GB/s
[streaming quantize strided] tile    16 rows,  690.00 ms,    0.36 GB/s
[streaming quantize strided] tile    16 rows,  691.00 ms,    0.36 GB/s
[streaming quantize strided] tile    16 rows,  706.00 ms,    0.35 GB/s
[streaming quantize strided] tile    16 rows,  707.00 ms,    0.35 GB/s
[streaming quantize strided] tile    16 rows,  683.00 ms,    0.36 GB/s
[streaming quantize strided] tile    16 rows,  683.00 ms,    0.36 GB/s
[streaming quantize strided] tile    16 rows,  582.00 ms,    0.42 GB/s
[streaming quantize strided] tile    16 rows,  582.00 ms,    0.42 GB/s
[streaming quantize strided] tile    16 rows,  871.00 ms,    0.28 GB/s
[streaming quantize strided] tile    16 rows,  870.00 ms,    0.28 GB/s
[streaming quantize strided] tile    16 rows,  856.00 ms,    0.29 GB/s
[streaming quantize strided] tile    16 rows,  857.00 ms,    0.29 GB/s
[streaming quantize strided] tile    16 rows,  818.00 ms,    0.30 GB/s
[streaming quantize strided] tile    16 rows,  818.00 ms,    0.30 GB/s
[streaming quantize strided] tile    16 rows,   21.00 ms,   11.77 GB/s
[streaming quantize strided] tile    16 rows,   22.00 ms,   11.24 GB/s
[streaming quantize strided] tile    16 rows,  643.00 ms,    0.38 GB/s
[streaming quantize strided] tile    16 rows,  642.00 ms,    0.39 GB/s
[streaming quantize strided] tile    16 rows,  677.00 ms,    0.37 GB/s
[streaming quantize strided] tile    16 rows,  677.00 ms,    0.37 GB/s
[streaming quantize strided] tile    16 rows, 1018.00 ms,    0.24 GB/s
[streaming quantize strided] tile    16 rows, 1018.00 ms,    0.24 GB/s
[streaming quantize strided] tile    16 rows,  789.00 ms,    0.31 GB/s
[streaming quantize strided] tile    16 rows,  791.00 ms,    0.31 GB/s
[streaming quantize strided] tile    16 rows,  640.00 ms,    0.39 GB/s
[streaming quantize strided] tile    16 rows,  640.00 ms,    0.39 GB/s
[streaming quantize strided] tile    16 rows,  938.00 ms,    0.26 GB/s
[streaming quantize strided] tile    16 rows,  938.00 ms,    0.26 GB/s
[streaming quantize strided] tile    16 rows,   11.00 ms,   22.47 GB/s
[streaming quantize strided] tile    16 rows,   11.00 ms,   22.47 GB/s
[streaming quantize strided] tile    16 rows, 1071.00 ms,    0.23 GB/s
[streaming quantize strided] tile    16 rows, 1072.00 ms,    0.23 GB/s
[streaming quantize strided] tile    16 rows,  843.00 ms,    0.29 GB/s
[streaming quantize strided] tile    16 rows,  843.00 ms,    0.29 GB/s
[streaming quantize strided] tile    16 rows,   11.00 ms,   22.47 GB/s
[streaming quantize strided] tile    16 rows,   13.00 ms,   19.01 GB/s
[streaming quantize strided] tile    16 rows,  995.00 ms,    0.25 GB/s
[streaming quantize strided] tile    16 rows,  995.00 ms,    0.25 GB/s
[streaming quantize strided] tile    16 rows,  753.00 ms,    0.33 GB/s
[streaming quantize strided] tile    16 rows,  753.00 ms,    0.33 GB/s
[streaming quantize strided] tile    16 rows,  914.00 ms,    0.27 GB/s
[streaming quantize strided] tile    16 rows,  915.00 ms,    0.27 GB/s
[streaming quantize strided] tile    16 rows,   11.00 ms,   22.47 GB/s
[streaming quantize strided] tile    16 rows,   11.00 ms,   22.47 GB/s
[streaming quantize strided] tile    16 rows, 1021.00 ms,    0.24 GB/s
[streaming quantize strided] tile    16 rows, 1021.00 ms,    0.24 GB/s
[streaming quantize strided] tile    16 rows,   33.00 ms,    7.49 GB/s
[streaming quantize strided] tile    16 rows,   33.00 ms,    7.49 GB/s
[streaming quantize strided] tile    16 rows,   22.00 ms,   11.24 GB/s
[streaming quantize strided] tile    16 rows,   23.00 ms,   10.75 GB/s
[streaming quantize strided] tile    16 rows,  757.00 ms,    0.33 GB/s
[streaming quantize strided] tile    16 rows,  757.00 ms,    0.33 GB/s
[streaming quantize strided] tile    16 rows, 1276.00 ms,    0.19 GB/s
[streaming quantize strided] tile    16 rows, 1277.00 ms,    0.19 GB/s
[streaming quantize strided] tile    16 rows, 1314.00 ms,    0.19 GB/s
[streaming quantize strided] tile    16 rows, 1313.00 ms,    0.19 GB/s
[streaming quantize strided] tile    16 rows,   26.00 ms,    9.51 GB/s
[streaming quantize strided] tile    16 rows,   29.00 ms,    8.52 GB/s
[streaming quantize strided] tile    16 rows, 1136.00 ms,    0.22 GB/s
[streaming quantize strided] tile    16 rows, 1136.00 ms,    0.22 GB/s
[streaming quantize strided] tile    16 rows,   11.00 ms,   22.47 GB/s
[streaming quantize strided] tile    16 rows,   11.00 ms,   22.47 GB/s
[streaming quantize strided] tile    16 rows,  676.00 ms,    0.37 GB/s
[streaming quantize strided] tile    16 rows,  676.00 ms,    0.37 GB/s
[streaming quantize strided] tile    16 rows,  675.00 ms,    0.37 GB/s
[streaming quantize strided] tile    16 rows,  675.00 ms,    0.37 GB/s
[streaming quantize strided] tile    16 rows,  785.00 ms,    0.31 GB/s
[streaming quantize strided] tile    16 rows,  789.00 ms,    0.31 GB/s
[streaming quantize strided] tile    16 rows,  632.00 ms,    0.39 GB/s
[streaming quantize strided] tile    16 rows,  632.00 ms,    0.39 GB/s
[streaming quantize strided] tile    16 rows,  787.00 ms,    0.31 GB/s
[streaming quantize strided] tile    16 rows,  788.00 ms,    0.31 GB/s
[streaming quantize strided] tile    16 rows,  971.00 ms,    0.25 GB/s
[streaming quantize strided] tile    16 rows,  971.00 ms,    0.25 GB/s
[streaming quantize strided] tile    16 rows,   22.00 ms,   11.24 GB/s
[streaming quantize strided] tile    16 rows,   22.00 ms,   11.24 GB/s
[streaming quantize strided] tile    16 rows,  739.00 ms,    0.33 GB/s
[streaming quantize strided] tile    16 rows,  739.00 ms,    0.33 GB/s
[streaming quantize strided] tile    16 rows,  762.00 ms,    0.32 GB/s
[streaming quantize strided] tile    16 rows,  761.00 ms,    0.32 GB/s
[streaming quantize strided] tile    16 rows,  774.00 ms,    0.32 GB/s
[streaming quantize strided] tile    16 rows,  774.00 ms,    0.32 GB/s
[streaming quantize strided] tile    16 rows,  969.00 ms,    0.26 GB/s
[streaming quantize strided] tile    16 rows,  971.00 ms,    0.25 GB/s
[streaming quantize strided] tile    16 rows,  972.00 ms,    0.25 GB/s
[streaming quantize strided] tile    16 rows,  972.00 ms,    0.25 GB/s
[streaming quantize strided] tile    16 rows, 1379.00 ms,    0.18 GB/s
[streaming quantize strided] tile    16 rows, 1379.00 ms,    0.18 GB/s
[streaming quantize strided] tile    16 rows,  907.00 ms,    0.27 GB/s
[streaming quantize strided] tile    16 rows,  907.00 ms,    0.27 GB/s
[streaming quantize strided] tile    16 rows,   12.00 ms,   20.60 GB/s
[streaming quantize strided] tile    16 rows,   13.00 ms,   19.01 GB/s
[streaming quantize strided] tile    16 rows,  938.00 ms,    0.26 GB/s
[streaming quantize strided] tile    16 rows,  939.00 ms,    0.26 GB/s
[streaming quantize strided] tile    16 rows, 1387.00 ms,    0.18 GB/s
[streaming quantize strided] tile    16 rows, 1386.00 ms,    0.18 GB/s
[streaming quantize strided] tile    16 rows, 1065.00 ms,    0.23 GB/s
[streaming quantize strided] tile    16 rows, 1066.00 ms,    0.23 GB/s
[streaming quantize strided] tile    16 rows,   12.00 ms,   20.60 GB/s
[streaming quantize strided] tile    16 rows,   27.00 ms,    9.16 GB/s
[streaming quantize strided] tile    16 rows, 1216.00 ms,    0.20 GB/s
[streaming quantize strided] tile    16 rows, 1215.00 ms,    0.20 GB/s
[streaming quantize strided] tile    16 rows,  885.00 ms,    0.28 GB/s
[streaming quantize strided] tile    16 rows,  884.00 ms,    0.28 GB/s
[streaming quantize strided] tile    16 rows,   23.00 ms,   10.75 GB/s
[streaming quantize strided] tile    16 rows,   24.00 ms,   10.30 GB/s
[streaming quantize strided] tile    16 rows,  704.00 ms,    0.35 GB/s
[streaming quantize strided] tile    16 rows,  705.00 ms,    0.35 GB/s
[streaming quantize strided] tile    16 rows,  988.00 ms,    0.25 GB/s
[streaming quantize strided] tile    16 rows,  988.00 ms,    0.25 GB/s
[streaming quantize strided] tile    16 rows,   11.00 ms,   22.47 GB/s
[streaming quantize strided] tile    16 rows,   12.00 ms,   20.60 GB/s
[streaming quantize strided] tile    16 rows,   33.00 ms,    7.49 GB/s
[streaming quantize strided] tile    16 rows,   34.00 ms,    7.27 GB/s
[streaming quantize strided] tile    16 rows,  863.00 ms,    0.29 GB/s
[streaming quantize strided] tile    16 rows,  862.00 ms,    0.29 GB/s
[streaming quantize strided] tile    16 rows,  815.00 ms,    0.30 GB/s
[streaming quantize strided] tile    16 rows,  816.00 ms,    0.30 GB/s
[streaming quantize strided] tile    16 rows,  560.00 ms,    0.44 GB/s
[streaming quantize strided] tile    16 rows,  561.00 ms,    0.44 GB/s
[streaming quantize strided] tile    16 rows,  940.00 ms,    0.26 GB/s
[streaming quantize strided] tile    16 rows,  940.00 ms,    0.26 GB/s
[streaming quantize strided] tile    16 rows,  873.00 ms,    0.28 GB/s
[streaming quantize strided] tile    16 rows,  874.00 ms,    0.28 GB/s
[streaming quantize strided] tile    16 rows,   13.00 ms,   19.01 GB/s
[streaming quantize strided] tile    16 rows,   14.00 ms,   17.66 GB/s
[streaming quantize strided] tile    16 rows,  971.00 ms,    0.25 GB/s
[streaming quantize strided] tile    16 rows,  972.00 ms,    0.25 GB/s
[streaming quantize strided] tile    16 rows, 1067.00 ms,    0.23 GB/s
[streaming quantize strided] tile    16 rows, 1066.00 ms,    0.23 GB/s
[streaming quantize strided] tile    16 rows,  599.00 ms,    0.41 GB/s
[streaming quantize strided] tile    16 rows,  599.00 ms,    0.41 GB/s
[streaming quantize strided] tile    16 rows,  334.00 ms,    0.74 GB/s
[streaming quantize strided] tile    16 rows,  337.00 ms,    0.73 GB/s
[streaming quantize strided] tile    16 rows,   28.00 ms,    8.83 GB/s
[streaming quantize strided] tile    16 rows,   38.00 ms,    6.51 GB/s
[streaming quantize strided] tile    16 rows,   22.00 ms,   11.24 GB/s
[streaming quantize strided] tile    16 rows,   19.00 ms,   13.01 GB/s
[streaming quantize strided] tile    16 rows,  443.00 ms,    0.56 GB/s
[streaming quantize strided] tile    16 rows,  446.00 ms,    0.55 GB/s
[streaming quantize strided] tile    16 rows, 1030.00 ms,    0.24 GB/s
[streaming quantize strided] tile    16 rows, 1031.00 ms,    0.24 GB/s
[streaming quantize strided] tile    16 rows,  750.00 ms,    0.33 GB/s
[streaming quantize strided] tile    16 rows,  748.00 ms,    0.33 GB/s
[streaming quantize strided] tile    16 rows,  664.00 ms,    0.37 GB/s
[streaming quantize strided] tile    16 rows,  664.00 ms,    0.37 GB/s
[streaming quantize strided] tile    16 rows, 1094.00 ms,    0.23 GB/s
[streaming quantize strided] tile    16 rows, 1084.00 ms,    0.23 GB/s
[streaming quantize strided] tile    16 rows,  532.00 ms,    0.46 GB/s
[streaming quantize strided] tile    16 rows,  532.00 ms,    0.46 GB/s
[streaming quantize strided] tile    16 rows,  905.00 ms,    0.27 GB/s
[streaming quantize strided] tile    16 rows,  906.00 ms,    0.27 GB/s
[streaming quantize strided] tile    16 rows,   11.00 ms,   22.47 GB/s
[streaming quantize strided] tile    16 rows,   11.00 ms,   22.47 GB/s
[streaming quantize strided] tile    16 rows,  770.00 ms,    0.32 GB/s
[streaming quantize strided] tile    16 rows,  770.00 ms,    0.32 GB/s
[streaming quantize strided] tile    16 rows,   11.00 ms,   22.47 GB/s
[streaming quantize strided] tile    16 rows,   13.00 ms,   19.01 GB/s
[streaming quantize strided] tile    16 rows,  911.00 ms,    0.27 GB/s
[streaming quantize strided] tile    16 rows,  911.00 ms,    0.27 GB/s
[streaming quantize strided] tile    16 rows,  663.00 ms,    0.37 GB/s
[streaming quantize strided] tile    16 rows,  670.00 ms,    0.37 GB/s
[streaming quantize strided] tile    16 rows, 1048.00 ms,    0.24 GB/s
[streaming quantize strided] tile    16 rows, 1048.00 ms,    0.24 GB/s
[streaming quantize strided] tile    16 rows,  890.00 ms,    0.28 GB/s
[streaming quantize strided] tile    16 rows,  899.00 ms,    0.27 GB/s
[streaming quantize strided] tile    16 rows,   22.00 ms,   11.24 GB/s
[streaming quantize strided] tile    16 rows,  619.00 ms,    0.40 GB/s
[streaming quantize strided] tile    16 rows,  621.00 ms,    0.40 GB/s
[streaming quantize strided] tile    16 rows,   40.00 ms,    6.18 GB/s
[streaming quantize strided] tile    16 rows,   27.00 ms,    9.16 GB/s
[streaming quantize strided] tile    16 rows,  802.00 ms,    0.31 GB/s
[streaming quantize strided] tile    16 rows,  802.00 ms,    0.31 GB/s
[streaming quantize strided] tile    16 rows,   39.00 ms,    6.34 GB/s
[streaming quantize strided] tile    16 rows,  577.00 ms,    0.43 GB/s
[streaming quantize strided] tile    16 rows,  560.00 ms,    0.44 GB/s
[streaming quantize strided] tile    16 rows,  719.00 ms,    0.34 GB/s
[streaming quantize strided] tile    16 rows,  721.00 ms,    0.34 GB/s
[streaming quantize strided] tile    16 rows,  707.00 ms,    0.35 GB/s
[streaming quantize strided] tile    16 rows,  694.00 ms,    0.36 GB/s
[streaming quantize strided] tile    16 rows,  839.00 ms,    0.29 GB/s
[streaming quantize strided] tile    16 rows,  841.00 ms,    0.29 GB/s
[streaming quantize strided] tile    16 rows,   13.00 ms,   19.01 GB/s
[streaming quantize strided] tile    16 rows,   27.00 ms,    9.16 GB/s
[streaming quantize strided] tile    16 rows,  882.00 ms,    0.28 GB/s
[streaming quantize strided] tile    16 rows,  882.00 ms,    0.28 GB/s
[streaming quantize strided] tile    16 rows,  868.00 ms,    0.28 GB/s
[streaming quantize strided] tile    16 rows,  869.00 ms,    0.28 GB/s
[streaming quantize strided] tile    16 rows, 1261.00 ms,    0.20 GB/s
[streaming quantize strided] tile    16 rows, 1261.00 ms,    0.20 GB/s
[streaming quantize strided] tile    16 rows,   11.00 ms,   22.47 GB/s
[streaming quantize strided] tile    16 rows,   12.00 ms,   20.60 GB/s
[streaming quantize strided] tile    16 rows,  611.00 ms,    0.40 GB/s
[streaming quantize strided] tile    16 rows,  612.00 ms,    0.40 GB/s
[streaming quantize strided] tile    16 rows,  561.00 ms,    0.44 GB/s
[streaming quantize strided] tile    16 rows,  562.00 ms,    0.44 GB/s
[streaming quantize strided] tile    16 rows,  656.00 ms,    0.38 GB/s
[streaming quantize strided] tile    16 rows,  656.00 ms,    0.38 GB/s
[streaming quantize strided] tile    16 rows,   24.00 ms,   10.30 GB/s
[streaming quantize strided] tile    16 rows,   27.00 ms,    9.16 GB/s
[streaming quantize strided] tile    16 rows,  473.00 ms,    0.52 GB/s
[streaming quantize strided] tile    16 rows,  473.00 ms,    0.52 GB/s
[streaming quantize strided] tile    16 rows,  478.00 ms,    0.52 GB/s
[streaming quantize strided] tile    16 rows,  478.00 ms,    0.52 GB/s
[streaming quantize strided] tile    16 rows,  454.00 ms,    0.54 GB/s
[streaming quantize strided] tile    16 rows,  451.00 ms,    0.55 GB/s
[streaming quantize strided] tile    16 rows,  488.00 ms,    0.51 GB/s
[streaming quantize strided] tile    16 rows,  489.00 ms,    0.51 GB/s
[streaming quantize strided] tile    16 rows,   22.00 ms,   11.24 GB/s
[streaming quantize strided] tile    16 rows,   25.00 ms,    9.89 GB/s
[streaming quantize strided] tile    16 rows,  665.00 ms,    0.37 GB/s
[streaming quantize strided] tile    16 rows,  665.00 ms,    0.37 GB/s
[streaming quantize strided] tile    16 rows,  765.00 ms,    0.32 GB/s
[streaming quantize strided] tile    16 rows,  764.00 ms,    0.32 GB/s
[streaming quantize strided] tile    16 rows,   11.00 ms,   22.47 GB/s
[streaming quantize strided] tile    16 rows,   11.00 ms,   22.47 GB/s
[streaming quantize strided] tile    16 rows,  647.00 ms,    0.38 GB/s
[streaming quantize strided] tile    16 rows,   10.00 ms,   24.72 GB/s
[streaming quantize strided] tile    16 rows,  676.00 ms,    0.37 GB/s
[streaming quantize strided] tile    16 rows,   11.00 ms,   22.47 GB/s
[streaming quantize strided] tile    16 rows,  532.00 ms,    0.46 GB/s
[streaming quantize strided] tile    16 rows,  530.00 ms,    0.47 GB/s
[streaming quantize strided] tile    16 rows,  460.00 ms,    0.54 GB/s
[streaming quantize strided] tile    16 rows,  464.00 ms,    0.53 GB/s
[streaming quantize strided] tile    16 rows,  736.00 ms,    0.34 GB/s
[streaming quantize strided] tile    16 rows,  741.00 ms,    0.33 GB/s
[streaming quantize strided] tile    16 rows, 1016.00 ms,    0.24 GB/s
[streaming quantize strided] tile    16 rows, 1017.00 ms,    0.24 GB/s
[streaming quantize strided] tile    16 rows,   22.00 ms,   11.24 GB/s
[streaming quantize strided] tile    16 rows,   23.00 ms,   10.75 GB/s
[streaming quantize strided] tile    16 rows,   30.00 ms,    8.24 GB/s
[streaming quantize strided] tile    16 rows,   32.00 ms,    7.72 GB/s
[streaming quantize strided] tile    16 rows,  421.00 ms,    0.59 GB/s
[streaming quantize strided] tile    16 rows,  421.00 ms,    0.59 GB/s
[streaming quantize strided] tile    16 rows,  686.00 ms,    0.36 GB/s
[streaming quantize strided] tile    16 rows,  686.00 ms,    0.36 GB/s
[streaming quantize strided] tile    16 rows,  548.00 ms,    0.45 GB/s
[streaming quantize strided] tile    16 rows,  548.00 ms,    0.45 GB/s
[streaming quantize strided] tile    16 rows,   10.00 ms,   24.72 GB/s
[streaming quantize strided] tile    16 rows,   12.00 ms,   20.60 GB/s
[streaming quantize strided] tile    16 rows,  705.00 ms,    0.35 GB/s
[streaming quantize strided] tile    16 rows,  707.00 ms,    0.35 GB/s
[streaming quantize strided] tile    16 rows,  799.00 ms,    0.31 GB/s
[streaming quantize strided] tile    16 rows,  797.00 ms,    0.31 GB/s
[streaming quantize strided] tile    16 rows, 1005.00 ms,    0.25 GB/s
[streaming quantize strided] tile    16 rows, 1006.00 ms,    0.25 GB/s
[streaming quantize strided] tile    16 rows, 1301.00 ms,    0.19 GB/s
[streaming quantize strided] tile    16 rows, 1302.00 ms,    0.19 GB/s
[streaming quantize strided] tile    16 rows, 1212.00 ms,    0.20 GB/s
[streaming quantize strided] tile    16 rows, 1213.00 ms,    0.20 GB/s
[streaming quantize strided] tile    16 rows,  794.00 ms,    0.31 GB/s
[streaming quantize strided] tile    16 rows,  795.00 ms,    0.31 GB/s
[streaming quantize strided] tile    16 rows,   25.00 ms,    9.89 GB/s
[streaming quantize strided] tile    16 rows,   27.00 ms,    9.16 GB/s
[streaming quantize strided] tile    16 rows,  333.00 ms,    0.74 GB/s
[streaming quantize strided] tile    16 rows,  333.00 ms,    0.74 GB/s
[streaming quantize strided] tile    16 rows,  359.00 ms,    0.69 GB/s
[streaming quantize strided] tile    16 rows,  360.00 ms,    0.69 GB/s
[streaming quantize strided] tile    16 rows,  654.00 ms,    0.38 GB/s
[streaming quantize strided] tile    16 rows,  655.00 ms,    0.38 GB/s
[streaming quantize strided] tile    16 rows,   10.00 ms,   24.72 GB/s
[streaming quantize strided] tile    16 rows,   11.00 ms,   22.47 GB/s
[streaming quantize strided] tile    16 rows,  740.00 ms,    0.33 GB/s
[streaming quantize strided] tile    16 rows,  743.00 ms,    0.33 GB/s
[streaming quantize strided] tile    16 rows,  796.00 ms,    0.31 GB/s
[streaming quantize strided] tile    16 rows,  796.00 ms,    0.31 GB/s
[streaming quantize strided] tile    16 rows,  776.00 ms,    0.32 GB/s
[streaming quantize strided] tile    16 rows,  776.00 ms,    0.32 GB/s
[streaming quantize strided] tile    16 rows,  506.00 ms,    0.49 GB/s
[streaming quantize strided] tile    16 rows,  506.00 ms,    0.49 GB/s
[streaming quantize strided] tile    16 rows,  596.00 ms,    0.41 GB/s
[streaming quantize strided] tile    16 rows,  596.00 ms,    0.41 GB/s
[streaming quantize strided] tile    16 rows,  464.00 ms,    0.53 GB/s
[streaming quantize strided] tile    16 rows,  464.00 ms,    0.53 GB/s
[streaming quantize strided] tile    16 rows,  281.00 ms,    0.88 GB/s
[streaming quantize strided] tile    16 rows,  281.00 ms,    0.88 GB/s
[streaming quantize strided] tile    16 rows,   11.00 ms,   22.47 GB/s
[streaming quantize strided] tile    16 rows,   11.00 ms,   22.47 GB/s
[streaming quantize strided] tile    16 rows,  280.00 ms,    0.88 GB/s
[streaming quantize strided] tile    16 rows,  280.00 ms,    0.88 GB/s
[streaming quantize strided] tile    16 rows,   13.00 ms,   19.01 GB/s
[streaming quantize strided] tile    16 rows,   31.00 ms,    7.97 GB/s
[streaming quantize strided] tile    16 rows,  326.00 ms,    0.76 GB/s
[streaming quantize strided] tile    16 rows,  327.00 ms,    0.76 GB/s
[streaming quantize strided] tile    16 rows,  334.00 ms,    0.74 GB/s
[streaming quantize strided] tile    16 rows,  334.00 ms,    0.74 GB/s
[streaming quantize strided] tile    16 rows,   24.00 ms,   10.30 GB/s
[streaming quantize strided] tile    16 rows,   24.00 ms,   10.30 GB/s
[streaming quantize strided] tile    16 rows,  199.00 ms,    1.24 GB/s
[streaming quantize strided] tile    16 rows,  200.00 ms,    1.24 GB/s
[streaming quantize strided] tile    16 rows,  203.00 ms,    1.22 GB/s
[streaming quantize strided] tile    16 rows,  205.00 ms,    1.21 GB/s
[streaming quantize strided] tile    16 rows,  238.00 ms,    1.04 GB/s
[streaming quantize strided] tile    16 rows,  238.00 ms,    1.04 GB/s
[streaming quantize strided] tile    16 rows,   11.00 ms,   22.47 GB/s
[streaming quantize strided] tile    16 rows,   25.00 ms,    9.89 GB/s
[streaming quantize strided] tile    16 rows,  260.00 ms,    0.95 GB/s
[streaming quantize strided] tile    16 rows,  258.00 ms,    0.96 GB/s
[streaming quantize strided] tile    16 rows,  135.00 ms,    1.83 GB/s
[streaming quantize strided] tile    16 rows,  135.00 ms,    1.83 GB/s
[streaming quantize strided] tile    16 rows,  200.00 ms,    1.24 GB/s
[streaming quantize strided] tile    16 rows,  200.00 ms,    1.24 GB/s
[streaming quantize strided] tile    16 rows,  210.00 ms,    1.18 GB/s
[streaming quantize strided] tile    16 rows,  211.00 ms,    1.17 GB/s
[streaming quantize strided] tile    16 rows,  147.00 ms,    1.68 GB/s
[streaming quantize strided] tile    16 rows,  148.00 ms,    1.67 GB/s
[streaming quantize strided] tile    16 rows,   12.00 ms,   20.60 GB/s
[streaming quantize strided] tile    16 rows,   13.00 ms,   19.01 GB/s
[streaming quantize strided] tile 93206 rows,   76.00 ms,    3.29 GB/s
[streaming quantize strided] tile 93206 rows,   78.00 ms,    3.21 GB/s
[streaming quantize strided] tile 93206 rows,   86.00 ms,    2.91 GB/s
[streaming quantize strided] tile 93206 rows,   83.00 ms,    3.01 GB/s
[streaming quantize strided] tile 93206 rows,   88.00 ms,    2.84 GB/s
[streaming quantize strided] tile 93206 rows,   88.00 ms,    2.84 GB/s
[streaming quantize strided] tile 93206 rows, 1849.00 ms,    0.14 GB/s
[streaming quantize strided] tile 93206 rows, 1858.00 ms,    0.13 GB/s
[streaming quantize strided] tile 93206 rows, 1843.00 ms,    0.14 GB/s
[streaming quantize strided] tile 93206 rows, 1849.00 ms,    0.14 GB/s
[streaming quantize strided] tile    16 rows,   35.00 ms,    7.06 GB/s
[streaming quantize strided] tile 93206 rows, 1839.00 ms,    0.14 GB/s
[streaming quantize strided] tile 93206 rows, 1847.00 ms,    0.14 GB/s
[streaming quantize strided] tile    16 rows,   54.00 ms,    4.58 GB/s
[streaming quantize strided] tile 93206 rows, 1326.00 ms,    0.19 GB/s
[streaming quantize strided] tile 93206 rows, 1328.00 ms,    0.19 GB/s
[streaming quantize strided] tile 93206 rows, 1331.00 ms,    0.19 GB/s
[streaming quantize strided] tile 93206 rows, 1333.00 ms,    0.19 GB/s
[streaming quantize strided] tile 93206 rows, 1333.00 ms,    0.19 GB/s
[streaming quantize strided] tile 93206 rows, 1334.00 ms,    0.19 GB/s
[streaming quantize strided] tile    16 rows, 1342.00 ms,    0.18 GB/s
[streaming quantize strided] tile    16 rows, 1322.00 ms,    0.19 GB/s
[streaming quantize strided] tile 89022 rows,   17.00 ms,   14.05 GB/s
[streaming quantize strided] tile 89022 rows,   17.00 ms,   14.05 GB/s
[streaming quantize strided] tile 89022 rows,   19.00 ms,   12.57 GB/s
[streaming quantize strided] tile 89022 rows,   52.00 ms,    4.59 GB/s
[streaming quantize strided] tile 89022 rows,   48.00 ms,    4.97 GB/s
[streaming quantize strided] tile 89022 rows,   45.00 ms,    5.31 GB/s
[streaming quantize strided] tile    16 rows, 3559.00 ms,    0.07 GB/s
[streaming quantize strided] tile    16 rows, 3559.00 ms,    0.07 GB/s
[streaming quantize strided] tile    16 rows, 1250.00 ms,    0.20 GB/s
[streaming quantize strided] tile    16 rows, 1252.00 ms,    0.20 GB/s
[streaming quantize strided] tile 93206 rows,   79.00 ms,    3.16 GB/s
[streaming quantize strided] tile 93206 rows,   83.00 ms,    3.01 GB/s
[streaming quantize strided] tile 93206 rows,   87.00 ms,    2.87 GB/s
[streaming quantize strided] tile 93206 rows,   89.00 ms,    2.81 GB/s
[streaming quantize strided] tile 93206 rows,   91.00 ms,    2.75 GB/s
[streaming quantize strided] tile 93206 rows,   95.00 ms,    2.63 GB/s
[streaming quantize strided] tile    16 rows, 1630.00 ms,    0.15 GB/s
[streaming quantize strided] tile    16 rows, 1632.00 ms,    0.15 GB/s
[streaming quantize strided] tile 93206 rows, 1583.00 ms,    0.16 GB/s
[streaming quantize strided] tile 93206 rows, 1581.00 ms,    0.16 GB/s
[streaming quantize strided] tile 93206 rows, 1573.00 ms,    0.16 GB/s
[streaming quantize strided] tile 93206 rows, 1576.00 ms,    0.16 GB/s
[streaming quantize strided] tile 93206 rows, 1580.00 ms,    0.16 GB/s
[streaming quantize strided] tile 93206 rows, 1593.00 ms,    0.16 GB/s
[streaming quantize strided] tile 93206 rows,  984.00 ms,    0.25 GB/s
[streaming quantize strided] tile 93206 rows,  981.00 ms,    0.25 GB/s
[streaming quantize strided] tile 93206 rows,  986.00 ms,    0.25 GB/s
[streaming quantize strided] tile 93206 rows,  981.00 ms,    0.25 GB/s
[streaming quantize strided] tile 93206 rows,  990.00 ms,    0.25 GB/s
[streaming quantize strided] tile 93206 rows,  986.00 ms,    0.25 GB/s
[streaming quantize strided] tile 89022 rows,   11.00 ms,   21.71 GB/s
[streaming quantize strided] tile 89022 rows,   11.00 ms,   21.71 GB/s
[streaming quantize strided] tile 89022 rows,   36.00 ms,    6.63 GB/s
[streaming quantize strided] tile 89022 rows,   37.00 ms,    6.45 GB/s
[streaming quantize strided] tile 89022 rows,   34.00 ms,    7.02 GB/s
[streaming quantize strided] tile 89022 rows,   34.00 ms,    7.02 GB/s
[streaming quantize strided] tile    16 rows, 1044.00 ms,    0.24 GB/s
[streaming quantize strided] tile    16 rows, 1044.00 ms,    0.24 GB/s
[streaming quantize strided] tile    16 rows, 2092.00 ms,    0.12 GB/s
[streaming quantize strided] tile    16 rows, 2093.00 ms,    0.12 GB/s
[streaming quantize strided] tile    16 rows,   14.00 ms,   17.66 GB/s
[streaming quantize strided] tile    16 rows,   17.00 ms,   14.54 GB/s
[streaming quantize strided] tile 93206 rows,   60.00 ms,    4.17 GB/s
[streaming quantize strided] tile 93206 rows,   66.00 ms,    3.79 GB/s
[streaming quantize strided] tile 93206 rows,   72.00 ms,    3.47 GB/s
[streaming quantize strided] tile 93206 rows,   76.00 ms,    3.29 GB/s
[streaming quantize strided] tile 93206 rows,   70.00 ms,    3.57 GB/s
[streaming quantize strided] tile 93206 rows,   77.00 ms,    3.25 GB/s
[streaming quantize strided] tile 93206 rows, 1385.00 ms,    0.18 GB/s
[streaming quantize strided] tile 93206 rows, 1394.00 ms,    0.18 GB/s
[streaming quantize strided] tile 93206 rows, 1388.00 ms,    0.18 GB/s
[streaming quantize strided] tile 93206 rows, 1390.00 ms,    0.18 GB/s
[streaming quantize strided] tile 93206 rows, 1383.00 ms,    0.18 GB/s
[streaming quantize strided] tile 93206 rows, 1385.00 ms,    0.18 GB/s
[streaming quantize strided] tile    16 rows,   28.00 ms,    8.83 GB/s
[streaming quantize strided] tile    16 rows,   31.00 ms,    7.97 GB/s
[streaming quantize strided] tile 93206 rows, 1511.00 ms,    0.17 GB/s
[streaming quantize strided] tile 93206 rows, 1511.00 ms,    0.17 GB/s
[streaming quantize strided] tile 93206 rows, 1513.00 ms,    0.17 GB/s
[streaming quantize strided] tile 93206 rows, 1516.00 ms,    0.16 GB/s
[streaming quantize strided] tile 93206 rows, 1516.00 ms,    0.16 GB/s
[streaming quantize strided] tile 93206 rows, 1518.00 ms,    0.16 GB/s
[streaming quantize strided] tile    16 rows, 1493.00 ms,    0.17 GB/s
[streaming quantize strided] tile    16 rows, 1490.00 ms,    0.17 GB/s
[streaming quantize strided] tile 89022 rows,   11.00 ms,   21.71 GB/s
[streaming quantize strided] tile 89022 rows,   29.00 ms,    8.23 GB/s
[streaming quantize strided] tile 89022 rows,   32.00 ms,    7.46 GB/s
[streaming quantize strided] tile 89022 rows,   31.00 ms,    7.70 GB/s
[streaming quantize strided] tile 89022 rows,   37.00 ms,    6.45 GB/s
[streaming quantize strided] tile 89022 rows,   36.00 ms,    6.63 GB/s
[streaming quantize strided] tile    16 rows, 1902.00 ms,    0.13 GB/s
[streaming quantize strided] tile    16 rows, 1904.00 ms,    0.13 GB/s
[streaming quantize strided] tile    16 rows, 1258.00 ms,    0.20 GB/s
[streaming quantize strided] tile    16 rows, 1257.00 ms,    0.20 GB/s
[streaming quantize strided] tile 93206 rows,   65.00 ms,    3.85 GB/s
[streaming quantize strided] tile 93206 rows,   69.00 ms,    3.62 GB/s
[streaming quantize strided] tile 93206 rows,   66.00 ms,    3.79 GB/s
[streaming quantize strided] tile 93206 rows,   70.00 ms,    3.57 GB/s
[streaming quantize strided] tile 93206 rows,   71.00 ms,    3.52 GB/s
[streaming quantize strided] tile 93206 rows,   70.00 ms,    3.57 GB/s
[streaming quantize strided] tile 93206 rows, 1809.00 ms,    0.14 GB/s
[streaming quantize strided] tile 93206 rows, 1818.00 ms,    0.14 GB/s
[streaming quantize strided] tile 93206 rows, 1814.00 ms,    0.14 GB/s
[streaming quantize strided] tile 93206 rows, 1812.00 ms,    0.14 GB/s
[streaming quantize strided] tile 93206 rows, 1820.00 ms,    0.14 GB/s
[streaming quantize strided] tile 93206 rows, 1819.00 ms,    0.14 GB/s
[streaming quantize strided] tile    16 rows, 1931.00 ms,    0.13 GB/s
[streaming quantize strided] tile    16 rows, 1930.00 ms,    0.13 GB/s
[streaming quantize strided] tile 93206 rows, 1344.00 ms,    0.19 GB/s
[streaming quantize strided] tile 93206 rows, 1346.00 ms,    0.19 GB/s
[streaming quantize strided] tile 93206 rows, 1345.00 ms,    0.19 GB/s
[streaming quantize strided] tile 93206 rows, 1343.00 ms,    0.19 GB/s
[streaming quantize strided] tile 93206 rows, 1341.00 ms,    0.19 GB/s
[streaming quantize strided] tile 93206 rows, 1345.00 ms,    0.19 GB/s
[streaming quantize strided] tile 89022 rows,   11.00 ms,   21.71 GB/s
[streaming quantize strided] tile 89022 rows,   17.00 ms,   14.05 GB/s
[streaming quantize strided] tile 89022 rows,   32.00 ms,    7.46 GB/s
[streaming quantize strided] tile 89022 rows,   35.00 ms,    6.82 GB/s
[streaming quantize strided] tile 89022 rows,   36.00 ms,    6.63 GB/s
[streaming quantize strided] tile    16 rows, 1375.00 ms,    0.18 GB/s
[streaming quantize strided] tile 89022 rows,  106.00 ms,    2.25 GB/s
[streaming quantize strided] tile    16 rows, 1375.00 ms,    0.18 GB/s
[streaming quantize strided] tile    16 rows, 2315.00 ms,    0.11 GB/s
[streaming quantize strided] tile    16 rows, 2315.00 ms,    0.11 GB/s
[streaming quantize strided] tile    16 rows,   11.00 ms,   22.47 GB/s
[streaming quantize strided] tile    16 rows,   11.00 ms,   22.47 GB/s
[streaming quantize strided] tile 93206 rows,   67.00 ms,    3.73 GB/s
[streaming quantize strided] tile 93206 rows,   69.00 ms,    3.62 GB/s
[streaming quantize strided] tile 93206 rows,   73.00 ms,    3.42 GB/s
[streaming quantize strided] tile 93206 rows,   74.00 ms,    3.38 GB/s
[streaming quantize strided] tile 93206 rows,   75.00 ms,    3.33 GB/s
[streaming quantize strided] tile 93206 rows,   77.00 ms,    3.25 GB/s
[streaming quantize strided] tile 93206 rows, 1353.00 ms,    0.18 GB/s
[streaming quantize strided] tile 93206 rows, 1361.00 ms,    0.18 GB/s
[streaming quantize strided] tile 93206 rows, 1354.00 ms,    0.18 GB/s
[streaming quantize strided] tile 93206 rows, 1352.00 ms,    0.18 GB/s
[streaming quantize strided] tile 93206 rows, 1355.00 ms,    0.18 GB/s
[streaming quantize strided] tile 93206 rows, 1361.00 ms,    0.18 GB/s
[streaming quantize strided] tile    16 rows,   26.00 ms,    9.51 GB/s
[streaming quantize strided] tile    16 rows,   29.00 ms,    8.52 GB/s
[streaming quantize strided] tile 93206 rows, 1280.00 ms,    0.20 GB/s
[streaming quantize strided] tile 93206 rows, 1280.00 ms,    0.20 GB/s
[streaming quantize strided] tile 93206 rows, 1282.00 ms,    0.20 GB/s
[streaming quantize strided] tile 93206 rows, 1282.00 ms,    0.20 GB/s
[streaming quantize strided] tile 93206 rows, 1281.00 ms,    0.20 GB/s
[streaming quantize strided] tile 93206 rows, 1283.00 ms,    0.19 GB/s
[streaming quantize strided] tile 89022 rows,   10.00 ms,   23.88 GB/s
[streaming quantize strided] tile 89022 rows,   11.00 ms,   21.71 GB/s
[streaming quantize strided] tile 89022 rows,   35.00 ms,    6.82 GB/s
[streaming quantize strided] tile 89022 rows,   63.00 ms,    3.79 GB/s
[streaming quantize strided] tile 89022 rows,   63.00 ms,    3.79 GB/s
[streaming quantize strided] tile 89022 rows,   63.00 ms,    3.79 GB/s
[streaming quantize strided] tile    16 rows,  903.00 ms,    0.27 GB/s
[streaming quantize strided] tile    16 rows,  908.00 ms,    0.27 GB/s
[streaming quantize strided] tile    16 rows, 2724.00 ms,    0.09 GB/s
[streaming quantize strided] tile    16 rows, 2724.00 ms,    0.09 GB/s
[streaming quantize strided] tile 93206 rows,   75.00 ms,    3.33 GB/s
[streaming quantize strided] tile 93206 rows,   76.00 ms,    3.29 GB/s
[streaming quantize strided] tile 93206 rows,   74.00 ms,    3.38 GB/s
[streaming quantize strided] tile 93206 rows,   77.00 ms,    3.25 GB/s
[streaming quantize strided] tile 93206 rows,   81.00 ms,    3.09 GB/s
[streaming quantize strided] tile 93206 rows,   85.00 ms,    2.94 GB/s
[streaming quantize strided] tile    16 rows, 1677.00 ms,    0.15 GB/s
[streaming quantize strided] tile    16 rows, 1677.00 ms,    0.15 GB/s
[streaming quantize strided] tile 93206 rows, 1153.00 ms,    0.22 GB/s
[streaming quantize strided] tile 93206 rows, 1158.00 ms,    0.22 GB/s
[streaming quantize strided] tile 93206 rows, 1186.00 ms,    0.21 GB/s
[streaming quantize strided] tile 93206 rows, 1179.00 ms,    0.21 GB/s
[streaming quantize strided] tile 93206 rows, 1187.00 ms,    0.21 GB/s
[streaming quantize strided] tile 93206 rows, 1187.00 ms,    0.21 GB/s
[streaming quantize strided] tile 93206 rows, 1227.00 ms,    0.20 GB/s
[streaming quantize strided] tile 93206 rows, 1206.00 ms,    0.21 GB/s
[streaming quantize strided] tile 93206 rows, 1241.00 ms,    0.20 GB/s
[streaming quantize strided] tile 93206 rows, 1210.00 ms,    0.21 GB/s
[streaming quantize strided] tile 93206 rows, 1210.00 ms,    0.21 GB/s
[streaming quantize strided] tile 93206 rows, 1210.00 ms,    0.21 GB/s
[streaming quantize strided] tile    16 rows, 1262.00 ms,    0.20 GB/s
[streaming quantize strided] tile    16 rows, 1263.00 ms,    0.20 GB/s
[streaming quantize strided] tile 89022 rows,   15.00 ms,   15.92 GB/s
[streaming quantize strided] tile 89022 rows,   23.00 ms,   10.38 GB/s
[streaming quantize strided] tile 89022 rows,   30.00 ms,    7.96 GB/s
[streaming quantize strided] tile 89022 rows,   31.00 ms,    7.70 GB/s
[streaming quantize strided] tile 89022 rows,   31.00 ms,    7.70 GB/s
[streaming quantize strided] tile 89022 rows,   36.00 ms,    6.63 GB/s
[streaming quantize strided] tile    16 rows, 2069.00 ms,    0.12 GB/s
[streaming quantize strided] tile    16 rows, 2072.00 ms,    0.12 GB/s
[streaming quantize strided] tile 93206 rows,   64.00 ms,    3.91 GB/s
[streaming quantize strided] tile 93206 rows,   72.00 ms,    3.47 GB/s
[streaming quantize strided] tile 93206 rows,   74.00 ms,    3.38 GB/s
[streaming quantize strided] tile 93206 rows,   72.00 ms,    3.47 GB/s
[streaming quantize strided] tile 93206 rows,   74.00 ms,    3.38 GB/s
[streaming quantize strided] tile 93206 rows,   82.00 ms,    3.05 GB/s
[streaming quantize strided] tile    16 rows, 1260.00 ms,    0.20 GB/s
[streaming quantize strided] tile    16 rows, 1257.00 ms,    0.20 GB/s
[streaming quantize strided] tile    16 rows,   11.00 ms,   22.47 GB/s
[streaming quantize strided] tile    16 rows,   11.00 ms,   22.47 GB/s
[streaming quantize strided] tile 93206 rows, 1467.00 ms,    0.17 GB/s
[streaming quantize strided] tile 93206 rows, 1472.00 ms,    0.17 GB/s
[streaming quantize strided] tile 93206 rows, 1471.00 ms,    0.17 GB/s
[streaming quantize strided] tile 93206 rows, 1483.00 ms,    0.17 GB/s
[streaming quantize strided] tile 93206 rows, 1476.00 ms,    0.17 GB/s
[streaming quantize strided] tile 93206 rows, 1470.00 ms,    0.17 GB/s
[streaming quantize strided] tile 93206 rows, 1533.00 ms,    0.16 GB/s
[streaming quantize strided] tile 93206 rows, 1534.00 ms,    0.16 GB/s
[streaming quantize strided] tile 93206 rows, 1535.00 ms,    0.16 GB/s
[streaming quantize strided] tile 93206 rows, 1537.00 ms,    0.16 GB/s
[streaming quantize strided] tile 93206 rows, 1538.00 ms,    0.16 GB/s
[streaming quantize strided] tile 93206 rows, 1539.00 ms,    0.16 GB/s
[streaming quantize strided] tile 89022 rows,   11.00 ms,   21.71 GB/s
[streaming quantize strided] tile 89022 rows,   11.00 ms,   21.71 GB/s
[streaming quantize strided] tile 89022 rows,   34.00 ms,    7.02 GB/s
[streaming quantize strided] tile 89022 rows,   33.00 ms,    7.24 GB/s
[streaming quantize strided] tile 89022 rows,   38.00 ms,    6.28 GB/s
[streaming quantize strided] tile 89022 rows,   32.00 ms,    7.46 GB/s
[streaming quantize strided] tile    16 rows,   22.00 ms,   11.24 GB/s
[streaming quantize strided] tile    16 rows,   24.00 ms,   10.30 GB/s
[streaming quantize strided] tile    16 rows, 1211.00 ms,    0.20 GB/s
[streaming quantize strided] tile    16 rows, 1215.00 ms,    0.20 GB/s
[streaming quantize strided] tile 93206 rows,   71.00 ms,    3.52 GB/s
[streaming quantize strided] tile 93206 rows,   73.00 ms,    3.42 GB/s
[streaming quantize strided] tile 93206 rows,   77.00 ms,    3.25 GB/s
[streaming quantize strided] tile 93206 rows,   82.00 ms,    3.05 GB/s
[streaming quantize strided] tile 93206 rows,   78.00 ms,    3.21 GB/s
[streaming quantize strided] tile 93206 rows,   81.00 ms,    3.09 GB/s
[streaming quantize strided] tile 93206 rows, 2101.00 ms,    0.12 GB/s
[streaming quantize strided] tile 93206 rows, 2109.00 ms,    0.12 GB/s
[streaming quantize strided] tile 93206 rows, 2108.00 ms,    0.12 GB/s
[streaming quantize strided] tile 93206 rows, 2112.00 ms,    0.12 GB/s
[streaming quantize strided] tile 93206 rows, 2105.00 ms,    0.12 GB/s
[streaming quantize strided] tile 93206 rows, 2111.00 ms,    0.12 GB/s
[streaming quantize strided] tile    16 rows, 2574.00 ms,    0.10 GB/s
[streaming quantize strided] tile    16 rows, 2572.00 ms,    0.10 GB/s
[streaming quantize strided] tile 93206 rows, 1987.00 ms,    0.13 GB/s
[streaming quantize strided] tile 93206 rows, 1991.00 ms,    0.13 GB/s
[streaming quantize strided] tile 93206 rows, 1985.00 ms,    0.13 GB/s
[streaming quantize strided] tile 93206 rows, 1997.00 ms,    0.13 GB/s
[streaming quantize strided] tile 93206 rows, 1994.00 ms,    0.13 GB/s
[streaming quantize strided] tile 93206 rows, 1993.00 ms,    0.13 GB/s
[streaming quantize strided] tile 89022 rows,   11.00 ms,   21.71 GB/s
[streaming quantize strided] tile 89022 rows,   21.00 ms,   11.37 GB/s
[streaming quantize strided] tile 89022 rows,   32.00 ms,    7.46 GB/s
[streaming quantize strided] tile 89022 rows,   33.00 ms,    7.24 GB/s
[streaming quantize strided] tile 89022 rows,   31.00 ms,    7.70 GB/s
[streaming quantize strided] tile 89022 rows,   31.00 ms,    7.70 GB/s
[streaming quantize strided] tile    16 rows, 1640.00 ms,    0.15 GB/s
[streaming quantize strided] tile    16 rows, 1640.00 ms,    0.15 GB/s
[streaming quantize strided] tile    16 rows, 2787.00 ms,    0.09 GB/s
[streaming quantize strided] tile    16 rows, 2787.00 ms,    0.09 GB/s
[streaming quantize strided] tile 93206 rows,   66.00 ms,    3.79 GB/s
[streaming quantize strided] tile 93206 rows,   67.00 ms,    3.73 GB/s
[streaming quantize strided] tile 93206 rows,   64.00 ms,    3.91 GB/s
[streaming quantize strided] tile 93206 rows,   69.00 ms,    3.62 GB/s
[streaming quantize strided] tile 93206 rows,   71.00 ms,    3.52 GB/s
[streaming quantize strided] tile 93206 rows,  177.00 ms,    1.41 GB/s
[streaming quantize strided] tile    16 rows, 1624.00 ms,    0.15 GB/s
[streaming quantize strided] tile    16 rows, 1625.00 ms,    0.15 GB/s
[streaming quantize strided] tile 93206 rows, 1793.00 ms,    0.14 GB/s
[streaming quantize strided] tile 93206 rows, 1797.00 ms,    0.14 GB/s
[streaming quantize strided] tile 93206 rows, 1688.00 ms,    0.15 GB/s
[streaming quantize strided] tile 93206 rows, 1798.00 ms,    0.14 GB/s
[streaming quantize strided] tile 93206 rows, 1797.00 ms,    0.14 GB/s
[streaming quantize strided] tile 93206 rows, 1794.00 ms,    0.14 GB/s
[streaming quantize strided] tile    16 rows, 2227.00 ms,    0.11 GB/s
[streaming quantize strided] tile    16 rows, 2228.00 ms,    0.11 GB/s
[streaming quantize strided] tile 93206 rows, 1350.00 ms,    0.19 GB/s
[streaming quantize strided] tile 93206 rows, 1360.00 ms,    0.18 GB/s
[streaming quantize strided] tile 93206 rows, 1356.00 ms,    0.18 GB/s
[streaming quantize strided] tile 93206 rows, 1356.00 ms,    0.18 GB/s
[streaming quantize strided] tile 93206 rows, 1356.00 ms,    0.18 GB/s
[streaming quantize strided] tile 93206 rows, 1362.00 ms,    0.18 GB/s
[streaming quantize strided] tile    16 rows,   12.00 ms,   20.60 GB/s
[streaming quantize strided] tile    16 rows,   14.00 ms,   17.66 GB/s
[streaming quantize strided] tile 89022 rows,   32.00 ms,    7.46 GB/s
[streaming quantize strided] tile 89022 rows,   32.00 ms,    7.46 GB/s
[streaming quantize strided] tile 89022 rows,   44.00 ms,    5.43 GB/s
[streaming quantize strided] tile 89022 rows,   46.00 ms,    5.19 GB/s
[streaming quantize strided] tile 89022 rows,   43.00 ms,    5.55 GB/s
[streaming quantize strided] tile 89022 rows,   41.00 ms,    5.82 GB/s
[streaming quantize strided] tile    16 rows,   34.00 ms,    7.27 GB/s
[streaming quantize strided] tile    16 rows,   42.00 ms,    5.89 GB/s
[streaming quantize strided] tile 93206 rows,   79.00 ms,    3.16 GB/s
[streaming quantize strided] tile 93206 rows,   75.00 ms,    3.33 GB/s
[streaming quantize strided] tile 93206 rows,   80.00 ms,    3.12 GB/s
[streaming quantize strided] tile 93206 rows,   82.00 ms,    3.05 GB/s
[streaming quantize strided] tile 93206 rows,   94.00 ms,    2.66 GB/s
[streaming quantize strided] tile 93206 rows,   88.00 ms,    2.84 GB/s
[streaming quantize strided] tile 93206 rows, 1832.00 ms,    0.14 GB/s
[streaming quantize strided] tile 93206 rows, 1824.00 ms,    0.14 GB/s
[streaming quantize strided] tile 93206 rows, 1825.00 ms,    0.14 GB/s
[streaming quantize strided] tile 93206 rows, 1824.00 ms,    0.14 GB/s
[streaming quantize strided] tile 93206 rows, 1837.00 ms,    0.14 GB/s
[streaming quantize strided] tile 93206 rows, 1833.00 ms,    0.14 GB/s
[streaming quantize strided] tile    16 rows, 2878.00 ms,    0.09 GB/s
[streaming quantize strided] tile    16 rows, 2886.00 ms,    0.09 GB/s
[streaming quantize strided] tile 93206 rows, 1654.00 ms,    0.15 GB/s
[streaming quantize strided] tile 93206 rows, 1647.00 ms,    0.15 GB/s
[streaming quantize strided] tile 93206 rows, 1648.00 ms,    0.15 GB/s
[streaming quantize strided] tile 93206 rows, 1652.00 ms,    0.15 GB/s
[streaming quantize strided] tile 93206 rows, 1649.00 ms,    0.15 GB/s
[streaming quantize strided] tile 93206 rows, 1647.00 ms,    0.15 GB/s
[streaming quantize strided] tile 89022 rows,   11.00 ms,   21.71 GB/s
[streaming quantize strided] tile 89022 rows,   11.00 ms,   21.71 GB/s
[streaming quantize strided] tile 89022 rows,   36.00 ms,    6.63 GB/s
[streaming quantize strided] tile 89022 rows,   36.00 ms,    6.63 GB/s
[streaming quantize strided] tile 89022 rows,   37.00 ms,    6.45 GB/s
[streaming quantize strided] tile 89022 rows,   37.00 ms,    6.45 GB/s
[streaming quantize strided] tile    16 rows,  769.00 ms,    0.32 GB/s
[streaming quantize strided] tile    16 rows,  768.00 ms,    0.32 GB/s
[streaming quantize strided] tile    16 rows, 2221.00 ms,    0.11 GB/s
[streaming quantize strided] tile    16 rows, 2222.00 ms,    0.11 GB/s
[streaming quantize strided] tile    16 rows, 1807.00 ms,    0.14 GB/s
[streaming quantize strided] tile    16 rows, 1806.00 ms,    0.14 GB/s
[streaming quantize strided] tile 93206 rows,   63.00 ms,    3.97 GB/s
[streaming quantize strided] tile 93206 rows,   67.00 ms,    3.73 GB/s
[streaming quantize strided] tile 93206 rows,   69.00 ms,    3.62 GB/s
[streaming quantize strided] tile 93206 rows,   70.00 ms,    3.57 GB/s
[streaming quantize strided] tile 93206 rows,   70.00 ms,    3.57 GB/s
[streaming quantize strided] tile 93206 rows,   73.00 ms,    3.42 GB/s
[streaming quantize strided] tile 93206 rows, 1271.00 ms,    0.20 GB/s
[streaming quantize strided] tile 93206 rows, 1264.00 ms,    0.20 GB/s
[streaming quantize strided] tile 93206 rows, 1270.00 ms,    0.20 GB/s
[streaming quantize strided] tile 93206 rows, 1264.00 ms,    0.20 GB/s
[streaming quantize strided] tile 93206 rows, 1268.00 ms,    0.20 GB/s
[streaming quantize strided] tile 93206 rows, 1260.00 ms,    0.20 GB/s
[streaming quantize strided] tile    16 rows, 2184.00 ms,    0.11 GB/s
[streaming quantize strided] tile    16 rows, 2184.00 ms,    0.11 GB/s
[streaming quantize strided] tile 93206 rows, 1049.00 ms,    0.24 GB/s
[streaming quantize strided] tile 93206 rows, 1050.00 ms,    0.24 GB/s
[streaming quantize strided] tile 93206 rows, 1051.00 ms,    0.24 GB/s
[streaming quantize strided] tile 93206 rows, 1053.00 ms,    0.24 GB/s
[streaming quantize strided] tile 93206 rows, 1053.00 ms,    0.24 GB/s
[streaming quantize strided] tile 93206 rows, 1053.00 ms,    0.24 GB/s
[streaming quantize strided] tile 89022 rows,   10.00 ms,   23.88 GB/s
[streaming quantize strided] tile 89022 rows,   10.00 ms,   23.88 GB/s
[streaming quantize strided] tile 89022 rows,   38.00 ms,    6.28 GB/s
[streaming quantize strided] tile 89022 rows,   40.00 ms,    5.97 GB/s
[streaming quantize strided] tile 89022 rows,   38.00 ms,    6.28 GB/s
[streaming quantize strided] tile 89022 rows,   39.00 ms,    6.12 GB/s
[streaming quantize strided] tile    16 rows,  217.00 ms,    1.14 GB/s
[streaming quantize strided] tile    16 rows,  218.00 ms,    1.13 GB/s
[streaming quantize strided] tile    16 rows,   11.00 ms,   22.47 GB/s
[streaming quantize strided] tile    16 rows,   13.00 ms,   19.01 GB/s
[streaming quantize strided] tile 93206 rows,   22.00 ms,   11.36 GB/s
[streaming quantize strided] tile 93206 rows,   26.00 ms,    9.62 GB/s
[streaming quantize strided] tile 93206 rows,   22.00 ms,   11.36 GB/s
[streaming quantize strided] tile 93206 rows,   26.00 ms,    9.62 GB/s
[streaming quantize strided] tile 93206 rows,   21.00 ms,   11.90 GB/s
[streaming quantize strided] tile 93206 rows,   17.00 ms,   14.71 GB/s
[streaming quantize strided] tile 89022 rows,   13.00 ms,   18.37 GB/s
[streaming quantize strided] tile 89022 rows,   19.00 ms,   12.57 GB/s
[streaming quantize strided] tile 93206 rows,   24.00 ms,   10.42 GB/s
[streaming quantize strided] tile 93206 rows,   22.00 ms,   11.36 GB/s
[streaming quantize strided] tile 93206 rows,  105.00 ms,    2.38 GB/s
[streaming quantize strided] tile 93206 rows,   98.00 ms,    2.55 GB/s
[streaming quantize strided] tile 93206 rows,   22.00 ms,   11.36 GB/s
[streaming quantize strided] tile 93206 rows,   23.00 ms,   10.87 GB/s
[streaming quantize strided] tile 89022 rows,   10.00 ms,   23.88 GB/s
[streaming quantize strided] tile 89022 rows,   21.00 ms,   11.37 GB/s
[streaming quantize strided] tile 93206 rows,   34.00 ms,    7.35 GB/s
[streaming quantize strided] tile 93206 rows,   40.00 ms,    6.25 GB/s
[streaming quantize strided] tile 93206 rows,   25.00 ms,   10.00 GB/s
[streaming quantize strided] tile 93206 rows,   24.00 ms,   10.42 GB/s
[streaming quantize strided] tile 93206 rows,   30.00 ms,    8.33 GB/s
[streaming quantize strided] tile 93206 rows,   27.00 ms,    9.26 GB/s
[streaming quantize strided] tile 89022 rows,   12.00 ms,   19.90 GB/s
[streaming quantize strided] tile 89022 rows,   13.00 ms,   18.37 GB/s
[streaming quantize strided] tile 93206 rows,   27.00 ms,    9.26 GB/s
[streaming quantize strided] tile 93206 rows,   27.00 ms,    9.26 GB/s
[streaming quantize strided] tile 93206 rows,   27.00 ms,    9.26 GB/s
[streaming quantize strided] tile 93206 rows,  396.00 ms,    0.63 GB/s
[streaming quantize strided] tile 93206 rows,  470.00 ms,    0.53 GB/s
[streaming quantize strided] tile 93206 rows,  841.00 ms,    0.30 GB/s
[streaming quantize strided] tile 89022 rows,   11.00 ms,   21.71 GB/s
[streaming quantize strided] tile 89022 rows,   11.00 ms,   21.71 GB/s
[streaming quantize strided] tile 93206 rows,  407.00 ms,    0.61 GB/s
[streaming quantize strided] tile 93206 rows,  411.00 ms,    0.61 GB/s
[streaming quantize strided] tile 93206 rows,  413.00 ms,    0.61 GB/s
[streaming quantize strided] tile 93206 rows,  415.00 ms,    0.60 GB/s
[streaming quantize strided] tile 93206 rows,  416.00 ms,    0.60 GB/s
[streaming quantize strided] tile 93206 rows,  417.00 ms,    0.60 GB/s
[streaming quantize strided] tile 93206 rows,  127.00 ms,    1.97 GB/s
[streaming quantize strided] tile 93206 rows,  133.00 ms,    1.88 GB/s
[streaming quantize strided] tile 93206 rows,   26.00 ms,    9.62 GB/s
[streaming quantize strided] tile 93206 rows,   37.00 ms,    6.76 GB/s
[streaming quantize strided] tile 93206 rows,   26.00 ms,    9.62 GB/s
[streaming quantize strided] tile 93206 rows,   30.00 ms,    8.33 GB/s
[streaming quantize strided] tile 89022 rows,   14.00 ms,   17.06 GB/s
[streaming quantize strided] tile 89022 rows,   21.00 ms,   11.37 GB/s
[streaming quantize strided] tile 93206 rows,   29.00 ms,    8.62 GB/s
[streaming quantize strided] tile 93206 rows,   32.00 ms,    7.81 GB/s
[streaming quantize strided] tile 93206 rows,   29.00 ms,    8.62 GB/s
[streaming quantize strided] tile 93206 rows,   27.00 ms,    9.26 GB/s
[streaming quantize strided] tile 93206 rows,   22.00 ms,   11.36 GB/s
[streaming quantize strided] tile 93206 rows,   21.00 ms,   11.90 GB/s
[streaming quantize strided] tile 89022 rows,   13.00 ms,   18.37 GB/s
[streaming quantize strided] tile 89022 rows,   19.00 ms,   12.57 GB/s
[streaming quantize strided] tile 93206 rows,   24.00 ms,   10.42 GB/s
[streaming quantize strided] tile 93206 rows, 1895.00 ms,    0.13 GB/s
[streaming quantize strided] tile 93206 rows, 1898.00 ms,    0.13 GB/s
[streaming quantize strided] tile 93206 rows, 1893.00 ms,    0.13 GB/s
[streaming quantize strided] tile 93206 rows, 1894.00 ms,    0.13 GB/s
[streaming quantize strided] tile 93206 rows, 1905.00 ms,    0.13 GB/s
[streaming quantize strided] tile 93206 rows, 1909.00 ms,    0.13 GB/s
[streaming quantize strided] tile 93206 rows,   40.00 ms,    6.25 GB/s
[streaming quantize strided] tile 93206 rows,   52.00 ms,    4.81 GB/s
[streaming quantize strided] tile 93206 rows,   36.00 ms,    6.94 GB/s
[streaming quantize strided] tile 93206 rows,   24.00 ms,   10.42 GB/s
[streaming quantize strided] tile 93206 rows,   24.00 ms,   10.42 GB/s
[streaming quantize strided] tile 89022 rows,   13.00 ms,   18.37 GB/s
[streaming quantize strided] tile 89022 rows,   16.00 ms,   14.92 GB/s
[streaming quantize strided] tile 93206 rows,   28.00 ms,    8.93 GB/s
[streaming quantize strided] tile 93206 rows,   31.00 ms,    8.06 GB/s
[streaming quantize strided] tile 93206 rows,   26.00 ms,    9.62 GB/s
[streaming quantize strided] tile 93206 rows,   30.00 ms,    8.33 GB/s
[streaming quantize strided] tile 93206 rows,   21.00 ms,   11.90 GB/s
[streaming quantize strided] tile 93206 rows,   21.00 ms,   11.90 GB/s
[streaming quantize strided] tile 89022 rows,   11.00 ms,   21.71 GB/s
[streaming quantize strided] tile 89022 rows,   21.00 ms,   11.37 GB/s
[streaming quantize strided] tile 93206 rows,   27.00 ms,    9.26 GB/s
[streaming quantize strided] tile 93206 rows,   26.00 ms,    9.62 GB/s
[streaming quantize strided] tile 93206 rows,   24.00 ms,   10.42 GB/s
[streaming quantize strided] tile 93206 rows,   24.00 ms,   10.42 GB/s
[streaming quantize strided] tile 93206 rows,   21.00 ms,   11.90 GB/s
[streaming quantize strided] tile 93206 rows,   21.00 ms,   11.90 GB/s
[streaming quantize strided] tile 89022 rows,   12.00 ms,   19.90 GB/s
[streaming quantize strided] tile 89022 rows,   20.00 ms,   11.94 GB/s
[streaming quantize strided] tile 93206 rows, 1004.00 ms,    0.25 GB/s
[streaming quantize strided] tile 93206 rows, 1006.00 ms,    0.25 GB/s
[streaming quantize strided] tile 93206 rows, 1008.00 ms,    0.25 GB/s
[streaming quantize strided] tile 93206 rows, 1003.00 ms,    0.25 GB/s
[streaming quantize strided] tile 93206 rows, 1008.00 ms,    0.25 GB/s
[streaming quantize strided] tile 93206 rows, 1005.00 ms,    0.25 GB/s
[streaming quantize strided] tile 89022 rows,   18.00 ms,   13.27 GB/s
[streaming quantize strided] tile 89022 rows,   32.00 ms,    7.46 GB/s
[streaming quantize strided] tile 89022 rows,   39.00 ms,    6.12 GB/s
[streaming quantize strided] tile 89022 rows,   39.00 ms,    6.12 GB/s
[streaming quantize strided] tile 89022 rows,   40.00 ms,    5.97 GB/s
[streaming quantize strided] tile 89022 rows,   36.00 ms,    6.63 GB/s
[streaming quantize strided] tile 93206 rows,   85.00 ms,    2.94 GB/s
[streaming quantize strided] tile 93206 rows,   90.00 ms,    2.78 GB/s
[streaming quantize strided] tile 93206 rows,  400.00 ms,    0.62 GB/s
[streaming quantize strided] tile 93206 rows,  789.00 ms,    0.32 GB/s
[streaming quantize strided] tile 93206 rows,  410.00 ms,    0.61 GB/s
[streaming quantize strided] tile 93206 rows,   23.00 ms,   10.87 GB/s
[streaming quantize strided] tile 89022 rows,   10.00 ms,   23.88 GB/s
[streaming quantize strided] tile 89022 rows,   18.00 ms,   13.27 GB/s
[streaming quantize strided] tile 93206 rows,   27.00 ms,    9.26 GB/s
[streaming quantize strided] tile 93206 rows,   25.00 ms,   10.00 GB/s
[streaming quantize strided] tile 93206 rows,   21.00 ms,   11.90 GB/s
[streaming quantize strided] tile 93206 rows,   23.00 ms,   10.87 GB/s
[streaming quantize strided] tile 93206 rows,   22.00 ms,   11.36 GB/s
[streaming quantize strided] tile 93206 rows,   22.00 ms,   11.36 GB/s
[streaming quantize strided] tile 89022 rows,   11.00 ms,   21.71 GB/s
[streaming quantize strided] tile 89022 rows,   21.00 ms,   11.37 GB/s
[streaming quantize strided] tile 93206 rows,   27.00 ms,    9.26 GB/s
[streaming quantize strided] tile 93206 rows,   26.00 ms,    9.62 GB/s
[streaming quantize strided] tile 93206 rows,   27.00 ms,    9.26 GB/s
[streaming quantize strided] tile 93206 rows,   22.00 ms,   11.36 GB/s
[streaming quantize strided] tile 93206 rows,   22.00 ms,   11.36 GB/s
[streaming quantize strided] tile 93206 rows,   21.00 ms,   11.90 GB/s
[streaming quantize strided] tile 89022 rows,   13.00 ms,   18.37 GB/s
[streaming quantize strided] tile 89022 rows,   22.00 ms,   10.85 GB/s
[streaming quantize strided] tile 93206 rows,   93.00 ms,    2.69 GB/s
[streaming quantize strided] tile 93206 rows,  101.00 ms,    2.48 GB/s
[streaming quantize strided] tile 93206 rows,  100.00 ms,    2.50 GB/s
[streaming quantize strided] tile 93206 rows,  101.00 ms,    2.48 GB/s
[streaming quantize strided] tile 93206 rows,  104.00 ms,    2.40 GB/s
[streaming quantize strided] tile 93206 rows,  108.00 ms,    2.31 GB/s
[streaming quantize strided] tile 93206 rows,  109.00 ms,    2.29 GB/s
[streaming quantize strided] tile 93206 rows,  109.00 ms,    2.29 GB/s
[streaming quantize strided] tile 93206 rows, 1641.00 ms,    0.15 GB/s
[streaming quantize strided] tile 93206 rows, 1646.00 ms,    0.15 GB/s
[streaming quantize strided] tile 93206 rows, 1645.00 ms,    0.15 GB/s
[streaming quantize strided] tile 93206 rows, 1639.00 ms,    0.15 GB/s
[streaming quantize strided] tile 93206 rows, 1652.00 ms,    0.15 GB/s
[streaming quantize strided] tile 93206 rows, 1645.00 ms,    0.15 GB/s
[streaming quantize strided] tile 93206 rows, 1643.00 ms,    0.15 GB/s
[streaming quantize strided] tile 93206 rows, 1643.00 ms,    0.15 GB/s
[streaming quantize strided] tile 93206 rows, 1893.00 ms,    0.13 GB/s
[streaming quantize strided] tile 93206 rows, 1897.00 ms,    0.13 GB/s
[streaming quantize strided] tile 93206 rows, 1896.00 ms,    0.13 GB/s
[streaming quantize strided] tile 93206 rows, 1896.00 ms,    0.13 GB/s
[streaming quantize strided] tile 93206 rows, 1900.00 ms,    0.13 GB/s
[streaming quantize strided] tile 93206 rows, 1905.00 ms,    0.13 GB/s
[streaming quantize strided] tile 93206 rows, 1902.00 ms,    0.13 GB/s
[streaming quantize strided] tile 93206 rows, 1902.00 ms,    0.13 GB/s
[streaming quantize strided] tile 89022 rows,   16.00 ms,   14.92 GB/s
[streaming quantize strided] tile 89022 rows,   30.00 ms,    7.96 GB/s
[streaming quantize strided] tile 89022 rows,   47.00 ms,    5.08 GB/s
[streaming quantize strided] tile 89022 rows,   40.00 ms,    5.97 GB/s
[streaming quantize strided] tile 89022 rows,   46.00 ms,    5.19 GB/s
[streaming quantize strided] tile 89022 rows,   37.00 ms,    6.45 GB/s
[streaming quantize strided] tile 89022 rows,   39.00 ms,    6.12 GB/s
[streaming quantize strided] tile 89022 rows,   39.00 ms,    6.12 GB/s
[streaming quantize strided] tile 93206 rows,   77.00 ms,    3.25 GB/s
[streaming quantize strided] tile 93206 rows,   76.00 ms,    3.29 GB/s
[streaming quantize strided] tile 93206 rows,   77.00 ms,    3.25 GB/s
[streaming quantize strided] tile 93206 rows,   82.00 ms,    3.05 GB/s
[streaming quantize strided] tile 93206 rows,   81.00 ms,    3.09 GB/s
[streaming quantize strided] tile 93206 rows,   83.00 ms,    3.01 GB/s
[streaming quantize strided] tile 93206 rows,   87.00 ms,    2.87 GB/s
[streaming quantize strided] tile 93206 rows,   89.00 ms,    2.81 GB/s
[streaming quantize strided] tile 93206 rows, 1581.00 ms,    0.16 GB/s
[streaming quantize strided] tile 93206 rows, 1579.00 ms,    0.16 GB/s
[streaming quantize strided] tile 93206 rows, 1575.00 ms,    0.16 GB/s
[streaming quantize strided] tile 93206 rows, 1589.00 ms,    0.16 GB/s
[streaming quantize strided] tile 93206 rows, 1588.00 ms,    0.16 GB/s
[streaming quantize strided] tile 93206 rows, 1584.00 ms,    0.16 GB/s
[streaming quantize strided] tile 93206 rows, 1580.00 ms,    0.16 GB/s
[streaming quantize strided] tile 93206 rows, 1590.00 ms,    0.16 GB/s
[streaming quantize strided] tile 93206 rows, 1962.00 ms,    0.13 GB/s
[streaming quantize strided] tile 93206 rows, 1961.00 ms,    0.13 GB/s
[streaming quantize strided] tile 93206 rows, 1959.00 ms,    0.13 GB/s
[streaming quantize strided] tile 93206 rows, 1963.00 ms,    0.13 GB/s
[streaming quantize strided] tile 93206 rows, 1958.00 ms,    0.13 GB/s
[streaming quantize strided] tile 93206 rows, 1960.00 ms,    0.13 GB/s
[streaming quantize strided] tile 93206 rows, 1960.00 ms,    0.13 GB/s
[streaming quantize strided] tile 93206 rows, 1959.00 ms,    0.13 GB/s
[streaming quantize strided] tile 89022 rows,   18.00 ms,   13.27 GB/s
[streaming quantize strided] tile 89022 rows,   17.00 ms,   14.05 GB/s
[streaming quantize strided] tile 89022 rows,   18.00 ms,   13.27 GB/s
[streaming quantize strided] tile 89022 rows,   18.00 ms,   13.27 GB/s
[streaming quantize strided] tile 89022 rows,   41.00 ms,    5.82 GB/s
[streaming quantize strided] tile 89022 rows,   42.00 ms,    5.69 GB/s
[streaming quantize strided] tile 89022 rows,   50.00 ms,    4.78 GB/s
[streaming quantize strided] tile 89022 rows,   51.00 ms,    4.68 GB/s
[streaming quantize strided] tile 93206 rows,   85.00 ms,    2.94 GB/s
[streaming quantize strided] tile 93206 rows,   81.00 ms,    3.09 GB/s
[streaming quantize strided] tile 93206 rows,   86.00 ms,    2.91 GB/s
[streaming quantize strided] tile 93206 rows,   83.00 ms,    3.01 GB/s
[streaming quantize strided] tile 93206 rows,   93.00 ms,    2.69 GB/s
[streaming quantize strided] tile 93206 rows,   89.00 ms,    2.81 GB/s
[streaming quantize strided] tile 93206 rows,   89.00 ms,    2.81 GB/s
[streaming quantize strided] tile 93206 rows,   95.00 ms,    2.63 GB/s
[streaming quantize strided] tile 93206 rows, 1080.00 ms,    0.23 GB/s
[streaming quantize strided] tile 93206 rows, 1084.00 ms,    0.23 GB/s
[streaming quantize strided] tile 93206 rows, 1095.00 ms,    0.23 GB/s
[streaming quantize strided] tile 93206 rows, 1090.00 ms,    0.23 GB/s
[streaming quantize strided] tile 93206 rows, 1092.00 ms,    0.23 GB/s
[streaming quantize strided] tile 93206 rows, 1097.00 ms,    0.23 GB/s
[streaming quantize strided] tile 93206 rows, 1096.00 ms,    0.23 GB/s
[streaming quantize strided] tile 93206 rows, 1095.00 ms,    0.23 GB/s
[streaming quantize strided] tile 93206 rows, 1349.00 ms,    0.19 GB/s
[streaming quantize strided] tile 93206 rows, 1349.00 ms,    0.19 GB/s
[streaming quantize strided] tile 93206 rows, 1353.00 ms,    0.18 GB/s
[streaming quantize strided] tile 93206 rows, 1351.00 ms,    0.19 GB/s
[streaming quantize strided] tile 93206 rows, 1352.00 ms,    0.18 GB/s
[streaming quantize strided] tile 93206 rows, 1353.00 ms,    0.18 GB/s
[streaming quantize strided] tile 93206 rows, 1358.00 ms,    0.18 GB/s
[streaming quantize strided] tile 93206 rows, 1353.00 ms,    0.18 GB/s
[streaming quantize strided] tile 89022 rows,   15.00 ms,   15.92 GB/s
[streaming quantize strided] tile 89022 rows,   17.00 ms,   14.05 GB/s
[streaming quantize strided] tile 89022 rows,   15.00 ms,   15.92 GB/s
[streaming quantize strided] tile 89022 rows,   32.00 ms,    7.46 GB/s
[streaming quantize strided] tile 89022 rows,   33.00 ms,    7.24 GB/s
[streaming quantize strided] tile 89022 rows,   36.00 ms,    6.63 GB/s
[streaming quantize strided] tile 89022 rows,   43.00 ms,    5.55 GB/s
[streaming quantize strided] tile 89022 rows,   42.00 ms,    5.69 GB/s
[streaming quantize strided] tile 93206 rows,   72.00 ms,    3.47 GB/s
[streaming quantize strided] tile 93206 rows,   75.00 ms,    3.33 GB/s
[streaming quantize strided] tile 93206 rows,   82.00 ms,    3.05 GB/s
[streaming quantize strided] tile 93206 rows,   79.00 ms,    3.16 GB/s
[streaming quantize strided] tile 93206 rows,   83.00 ms,    3.01 GB/s
[streaming quantize strided] tile 93206 rows,   80.00 ms,    3.12 GB/s
[streaming quantize strided] tile 93206 rows,   86.00 ms,    2.91 GB/s
[streaming quantize strided] tile 93206 rows,   82.00 ms,    3.05 GB/s
[streaming quantize strided] tile 93206 rows, 1910.00 ms,    0.13 GB/s
[streaming quantize strided] tile 93206 rows, 1898.00 ms,    0.13 GB/s
[streaming quantize strided] tile 93206 rows, 1900.00 ms,    0.13 GB/s
[streaming quantize strided] tile 93206 rows, 1897.00 ms,    0.13 GB/s
[streaming quantize strided] tile 93206 rows, 1899.00 ms,    0.13 GB/s
[streaming quantize strided] tile 93206 rows, 1905.00 ms,    0.13 GB/s
[streaming quantize strided] tile 93206 rows, 1905.00 ms,    0.13 GB/s
[streaming quantize strided] tile 93206 rows, 1917.00 ms,    0.13 GB/s
[streaming quantize strided] tile 93206 rows, 1740.00 ms,    0.14 GB/s
[streaming quantize strided] tile 93206 rows, 1736.00 ms,    0.14 GB/s
[streaming quantize strided] tile 93206 rows, 1738.00 ms,    0.14 GB/s
[streaming quantize strided] tile 93206 rows, 1743.00 ms,    0.14 GB/s
[streaming quantize strided] tile 93206 rows, 1742.00 ms,    0.14 GB/s
[streaming quantize strided] tile 93206 rows, 1741.00 ms,    0.14 GB/s
[streaming quantize strided] tile 93206 rows, 1746.00 ms,    0.14 GB/s
[streaming quantize strided] tile 93206 rows, 1740.00 ms,    0.14 GB/s
[streaming quantize strided] tile 89022 rows,   14.00 ms,   17.06 GB/s
[streaming quantize strided] tile 89022 rows,   22.00 ms,   10.85 GB/s
[streaming quantize strided] tile 89022 rows,   39.00 ms,    6.12 GB/s
[streaming quantize strided] tile 89022 rows,   38.00 ms,    6.28 GB/s
[streaming quantize strided] tile 89022 rows,   32.00 ms,    7.46 GB/s
[streaming quantize strided] tile 89022 rows,   33.00 ms,    7.24 GB/s
[streaming quantize strided] tile 89022 rows,   33.00 ms,    7.24 GB/s
[streaming quantize strided] tile 89022 rows,   34.00 ms,    7.02 GB/s
[streaming quantize strided] tile 93206 rows,   90.00 ms,    2.78 GB/s
[streaming quantize strided] tile 93206 rows,   95.00 ms,    2.63 GB/s
[streaming quantize strided] tile 93206 rows,   96.00 ms,    2.60 GB/s
[streaming quantize strided] tile 93206 rows,   98.00 ms,    2.55 GB/s
[streaming quantize strided] tile 93206 rows,   99.00 ms,    2.53 GB/s
[streaming quantize strided] tile 93206 rows,  101.00 ms,    2.48 GB/s
[streaming quantize strided] tile 93206 rows,  101.00 ms,    2.48 GB/s
[streaming quantize strided] tile 93206 rows,  105.00 ms,    2.38 GB/s
[streaming quantize strided] tile 93206 rows, 1890.00 ms,    0.13 GB/s
[streaming quantize strided] tile 93206 rows, 1893.00 ms,    0.13 GB/s
[streaming quantize strided] tile 93206 rows, 1895.00 ms,    0.13 GB/s
[streaming quantize strided] tile 93206 rows, 1888.00 ms,    0.13 GB/s
[streaming quantize strided] tile 93206 rows, 1900.00 ms,    0.13 GB/s
[streaming quantize strided] tile 93206 rows, 1887.00 ms,    0.13 GB/s
[streaming quantize strided] tile 93206 rows, 1895.00 ms,    0.13 GB/s
[streaming quantize strided] tile 93206 rows, 1886.00 ms,    0.13 GB/s
[streaming quantize strided] tile 93206 rows, 1655.00 ms,    0.15 GB/s
[streaming quantize strided] tile 93206 rows, 1656.00 ms,    0.15 GB/s
[streaming quantize strided] tile 93206 rows, 1656.00 ms,    0.15 GB/s
[streaming quantize strided] tile 93206 rows, 1656.00 ms,    0.15 GB/s
[streaming quantize strided] tile 93206 rows, 1657.00 ms,    0.15 GB/s
[streaming quantize strided] tile 93206 rows, 1657.00 ms,    0.15 GB/s
[streaming quantize strided] tile 93206 rows, 1659.00 ms,    0.15 GB/s
[streaming quantize strided] tile 93206 rows, 1659.00 ms,    0.15 GB/s
[streaming quantize strided] tile 89022 rows,   19.00 ms,   12.57 GB/s
[streaming quantize strided] tile 89022 rows,   19.00 ms,   12.57 GB/s
[streaming quantize strided] tile 89022 rows,   20.00 ms,   11.94 GB/s
[streaming quantize strided] tile 89022 rows,   39.00 ms,    6.12 GB/s
[streaming quantize strided] tile 89022 rows,   37.00 ms,    6.45 GB/s
[streaming quantize strided] tile 89022 rows,   37.00 ms,    6.45 GB/s
[streaming quantize strided] tile 89022 rows,   47.00 ms,    5.08 GB/s
[streaming quantize strided] tile 89022 rows,   46.00 ms,    5.19 GB/s
[streaming quantize strided] tile 93206 rows,   77.00 ms,    3.25 GB/s
[streaming quantize strided] tile 93206 rows,   85.00 ms,    2.94 GB/s
[streaming quantize strided] tile 93206 rows,   87.00 ms,    2.87 GB/s
[streaming quantize strided] tile 93206 rows,   83.00 ms,    3.01 GB/s
[streaming quantize strided] tile 93206 rows,   94.00 ms,    2.66 GB/s
[streaming quantize strided] tile 93206 rows,   92.00 ms,    2.72 GB/s
[streaming quantize strided] tile 93206 rows,   91.00 ms,    2.75 GB/s
[streaming quantize strided] tile 93206 rows,   96.00 ms,    2.60 GB/s
[streaming quantize strided] tile 93206 rows, 1251.00 ms,    0.20 GB/s
[streaming quantize strided] tile 93206 rows, 1248.00 ms,    0.20 GB/s
[streaming quantize strided] tile 93206 rows, 1240.00 ms,    0.20 GB/s
[streaming quantize strided] tile 93206 rows, 1244.00 ms,    0.20 GB/s
[streaming quantize strided] tile 93206 rows, 1237.00 ms,    0.20 GB/s
[streaming quantize strided] tile 93206 rows, 1247.00 ms,    0.20 GB/s
[streaming quantize strided] tile 93206 rows, 1239.00 ms,    0.20 GB/s
[streaming quantize strided] tile 93206 rows, 1257.00 ms,    0.20 GB/s
[streaming quantize strided] tile 93206 rows, 1417.00 ms,    0.18 GB/s
[streaming quantize strided] tile 93206 rows, 1418.00 ms,    0.18 GB/s
[streaming quantize strided] tile 93206 rows, 1419.00 ms,    0.18 GB/s
[streaming quantize strided] tile 93206 rows, 1420.00 ms,    0.18 GB/s
[streaming quantize strided] tile 93206 rows, 1421.00 ms,    0.18 GB/s
[streaming quantize strided] tile 93206 rows, 1422.00 ms,    0.18 GB/s
[streaming quantize strided] tile 93206 rows, 1423.00 ms,    0.18 GB/s
[streaming quantize strided] tile 93206 rows, 1424.00 ms,    0.18 GB/s
[streaming quantize strided] tile 89022 rows,   14.00 ms,   17.06 GB/s
[streaming quantize strided] tile 89022 rows,   16.00 ms,   14.92 GB/s
[streaming quantize strided] tile 89022 rows,   25.00 ms,    9.55 GB/s
[streaming quantize strided] tile 89022 rows,   27.00 ms,    8.84 GB/s
[streaming quantize strided] tile 89022 rows,   37.00 ms,    6.45 GB/s
[streaming quantize strided] tile 89022 rows,   38.00 ms,    6.28 GB/s
[streaming quantize strided] tile 89022 rows,   39.00 ms,    6.12 GB/s
[streaming quantize strided] tile 89022 rows,   35.00 ms,    6.82 GB/s
[streaming quantize strided] tile 93206 rows,   84.00 ms,    2.98 GB/s
[streaming quantize strided] tile 93206 rows,   81.00 ms,    3.09 GB/s
[streaming quantize strided] tile 93206 rows,   86.00 ms,    2.91 GB/s
[streaming quantize strided] tile 93206 rows,   83.00 ms,    3.01 GB/s
[streaming quantize strided] tile 93206 rows,   91.00 ms,    2.75 GB/s
[streaming quantize strided] tile 93206 rows,   87.00 ms,    2.87 GB/s
[streaming quantize strided] tile 93206 rows,   96.00 ms,    2.60 GB/s
[streaming quantize strided] tile 93206 rows,   94.00 ms,    2.66 GB/s
[streaming quantize strided] tile 93206 rows, 1281.00 ms,    0.20 GB/s
[streaming quantize strided] tile 93206 rows, 1290.00 ms,    0.19 GB/s
[streaming quantize strided] tile 93206 rows, 1282.00 ms,    0.20 GB/s
[streaming quantize strided] tile 93206 rows, 1294.00 ms,    0.19 GB/s
[streaming quantize strided] tile 93206 rows, 1294.00 ms,    0.19 GB/s
[streaming quantize strided] tile 93206 rows, 1292.00 ms,    0.19 GB/s
[streaming quantize strided] tile 93206 rows, 1290.00 ms,    0.19 GB/s
[streaming quantize strided] tile 93206 rows, 1289.00 ms,    0.19 GB/s
[streaming quantize strided] tile 93206 rows, 1272.00 ms,    0.20 GB/s
[streaming quantize strided] tile 93206 rows, 1275.00 ms,    0.20 GB/s
[streaming quantize strided] tile 93206 rows, 1272.00 ms,    0.20 GB/s
[streaming quantize strided] tile 93206 rows, 1274.00 ms,    0.20 GB/s
[streaming quantize strided] tile 93206 rows, 1276.00 ms,    0.20 GB/s
[streaming quantize strided] tile 93206 rows, 1277.00 ms,    0.20 GB/s
[streaming quantize strided] tile 93206 rows, 1277.00 ms,    0.20 GB/s
[streaming quantize strided] tile 93206 rows, 1279.00 ms,    0.20 GB/s
[streaming quantize strided] tile 89022 rows,   15.00 ms,   15.92 GB/s
[streaming quantize strided] tile 89022 rows,   15.00 ms,   15.92 GB/s
[streaming quantize strided] tile 89022 rows,   29.00 ms,    8.23 GB/s
[streaming quantize strided] tile 89022 rows,   28.00 ms,    8.53 GB/s
[streaming quantize strided] tile 89022 rows,   38.00 ms,    6.28 GB/s
[streaming quantize strided] tile 89022 rows,   40.00 ms,    5.97 GB/s
[streaming quantize strided] tile 89022 rows,   40.00 ms,    5.97 GB/s
[streaming quantize strided] tile 89022 rows,   38.00 ms,    6.28 GB/s
[streaming quantize strided] tile 93206 rows,   76.00 ms,    3.29 GB/s
[streaming quantize strided] tile 93206 rows,   78.00 ms,    3.21 GB/s
[streaming quantize strided] tile 93206 rows,   79.00 ms,    3.16 GB/s
[streaming quantize strided] tile 93206 rows,   80.00 ms,    3.12 GB/s
[streaming quantize strided] tile 93206 rows,   86.00 ms,    2.91 GB/s
[streaming quantize strided] tile 93206 rows,   84.00 ms,    2.98 GB/s
[streaming quantize strided] tile 93206 rows,   86.00 ms,    2.91 GB/s
[streaming quantize strided] tile 93206 rows,   89.00 ms,    2.81 GB/s
[streaming quantize strided] tile 93206 rows, 1486.00 ms,    0.17 GB/s
[streaming quantize strided] tile 93206 rows, 1496.00 ms,    0.17 GB/s
[streaming quantize strided] tile 93206 rows, 1495.00 ms,    0.17 GB/s
[streaming quantize strided] tile 93206 rows, 1489.00 ms,    0.17 GB/s
[streaming quantize strided] tile 93206 rows, 1486.00 ms,    0.17 GB/s
[streaming quantize strided] tile 93206 rows, 1485.00 ms,    0.17 GB/s
[streaming quantize strided] tile 93206 rows, 1495.00 ms,    0.17 GB/s
[streaming quantize strided] tile 93206 rows, 1505.00 ms,    0.17 GB/s
[streaming quantize strided] tile 93206 rows, 1440.00 ms,    0.17 GB/s
[streaming quantize strided] tile 93206 rows, 1438.00 ms,    0.17 GB/s
[streaming quantize strided] tile 93206 rows, 1439.00 ms,    0.17 GB/s
[streaming quantize strided] tile 93206 rows, 1434.00 ms,    0.17 GB/s
[streaming quantize strided] tile 93206 rows, 1443.00 ms,    0.17 GB/s
[streaming quantize strided] tile 93206 rows, 1445.00 ms,    0.17 GB/s
[streaming quantize strided] tile 93206 rows, 1442.00 ms,    0.17 GB/s
[streaming quantize strided] tile 93206 rows, 1441.00 ms,    0.17 GB/s
[streaming quantize strided] tile 89022 rows,   15.00 ms,   15.92 GB/s
[streaming quantize strided] tile 89022 rows,   29.00 ms,    8.23 GB/s
[streaming quantize strided] tile 89022 rows,   41.00 ms,    5.82 GB/s
[streaming quantize strided] tile 89022 rows,   45.00 ms,    5.31 GB/s
[streaming quantize strided] tile 89022 rows,   44.00 ms,    5.43 GB/s
[streaming quantize strided] tile 89022 rows,   42.00 ms,    5.69 GB/s
[streaming quantize strided] tile 89022 rows,   43.00 ms,    5.55 GB/s
[streaming quantize strided] tile 89022 rows,   44.00 ms,    5.43 GB/s
[streaming quantize strided] tile 93206 rows,   76.00 ms,    3.29 GB/s
[streaming quantize strided] tile 93206 rows,   79.00 ms,    3.16 GB/s
[streaming quantize strided] tile 93206 rows,   77.00 ms,    3.25 GB/s
[streaming quantize strided] tile 93206 rows,   83.00 ms,    3.01 GB/s
[streaming quantize strided] tile 93206 rows,   86.00 ms,    2.91 GB/s
[streaming quantize strided] tile 93206 rows,   83.00 ms,    3.01 GB/s
[streaming quantize strided] tile 93206 rows,   81.00 ms,    3.09 GB/s
[streaming quantize strided] tile 93206 rows,   85.00 ms,    2.94 GB/s
[streaming quantize strided] tile 93206 rows, 1320.00 ms,    0.19 GB/s
[streaming quantize strided] tile 93206 rows, 1323.00 ms,    0.19 GB/s
[streaming quantize strided] tile 93206 rows, 1316.00 ms,    0.19 GB/s
[streaming quantize strided] tile 93206 rows, 1326.00 ms,    0.19 GB/s
[streaming quantize strided] tile 93206 rows, 1331.00 ms,    0.19 GB/s
[streaming quantize strided] tile 93206 rows, 1334.00 ms,    0.19 GB/s
[streaming quantize strided] tile 93206 rows, 1333.00 ms,    0.19 GB/s
[streaming quantize strided] tile 93206 rows, 1327.00 ms,    0.19 GB/s
[streaming quantize strided] tile 93206 rows, 1070.00 ms,    0.23 GB/s
[streaming quantize strided] tile 93206 rows, 1069.00 ms,    0.23 GB/s
[streaming quantize strided] tile 93206 rows, 1068.00 ms,    0.23 GB/s
[streaming quantize strided] tile 93206 rows, 1075.00 ms,    0.23 GB/s
[streaming quantize strided] tile 93206 rows, 1068.00 ms,    0.23 GB/s
[streaming quantize strided] tile 93206 rows, 1069.00 ms,    0.23 GB/s
[streaming quantize strided] tile 93206 rows, 1074.00 ms,    0.23 GB/s
[streaming quantize strided] tile 93206 rows, 1077.00 ms,    0.23 GB/s
[streaming quantize strided] tile 89022 rows,   15.00 ms,   15.92 GB/s
[streaming quantize strided] tile 89022 rows,   15.00 ms,   15.92 GB/s
[streaming quantize strided] tile 89022 rows,  115.00 ms,    2.08 GB/s
[streaming quantize strided] tile 89022 rows,  117.00 ms,    2.04 GB/s
[streaming quantize strided] tile 89022 rows,  121.00 ms,    1.97 GB/s
[streaming quantize strided] tile 89022 rows,  119.00 ms,    2.01 GB/s
[streaming quantize strided] tile 89022 rows,  114.00 ms,    2.09 GB/s
[streaming quantize strided] tile 89022 rows,  113.00 ms,    2.11 GB/s
[streaming quantize strided] tile 93206 rows,   76.00 ms,    3.29 GB/s
[streaming quantize strided] tile 93206 rows,   76.00 ms,    3.29 GB/s
[streaming quantize strided] tile 93206 rows,   79.00 ms,    3.16 GB/s
[streaming quantize strided] tile 93206 rows,   88.00 ms,    2.84 GB/s
[streaming quantize strided] tile 93206 rows,   86.00 ms,    2.91 GB/s
[streaming quantize strided] tile 93206 rows,   84.00 ms,    2.98 GB/s
[streaming quantize strided] tile 93206 rows,   87.00 ms,    2.87 GB/s
[streaming quantize strided] tile 93206 rows,   94.00 ms,    2.66 GB/s
[streaming quantize strided] tile 93206 rows, 1212.00 ms,    0.21 GB/s
[streaming quantize strided] tile 93206 rows, 1212.00 ms,    0.21 GB/s
[streaming quantize strided] tile 93206 rows, 1206.00 ms,    0.21 GB/s
[streaming quantize strided] tile 93206 rows, 1222.00 ms,    0.20 GB/s
[streaming quantize strided] tile 93206 rows, 1218.00 ms,    0.21 GB/s
[streaming quantize strided] tile 93206 rows, 1214.00 ms,    0.21 GB/s
[streaming quantize strided] tile 93206 rows, 1213.00 ms,    0.21 GB/s
[streaming quantize strided] tile 93206 rows, 1222.00 ms,    0.20 GB/s
[streaming quantize strided] tile 93206 rows, 1631.00 ms,    0.15 GB/s
[streaming quantize strided] tile 93206 rows, 1637.00 ms,    0.15 GB/s
[streaming quantize strided] tile 93206 rows, 1633.00 ms,    0.15 GB/s
[streaming quantize strided] tile 93206 rows, 1636.00 ms,    0.15 GB/s
[streaming quantize strided] tile 93206 rows, 1638.00 ms,    0.15 GB/s
[streaming quantize strided] tile 93206 rows, 1643.00 ms,    0.15 GB/s
[streaming quantize strided] tile 89022 rows,   18.00 ms,   13.27 GB/s
[streaming quantize strided] tile 89022 rows,   27.00 ms,    8.84 GB/s
[streaming quantize strided] tile 89022 rows,   68.00 ms,    3.51 GB/s
[streaming quantize strided] tile 93206 rows, 1711.00 ms,    0.15 GB/s
[streaming quantize strided] tile 89022 rows,   66.00 ms,    3.62 GB/s
[streaming quantize strided] tile 93206 rows, 1710.00 ms,    0.15 GB/s
[streaming quantize strided] tile 89022 rows,   71.00 ms,    3.36 GB/s
[streaming quantize strided] tile 89022 rows,   87.00 ms,    2.74 GB/s
[streaming quantize strided] tile 89022 rows,   61.00 ms,    3.91 GB/s
[streaming quantize strided] tile 89022 rows,   62.00 ms,    3.85 GB/s
[streaming quantize strided] tile 93206 rows,   79.00 ms,    3.16 GB/s
[streaming quantize strided] tile 93206 rows,   80.00 ms,    3.12 GB/s
[streaming quantize strided] tile 93206 rows,   82.00 ms,    3.05 GB/s
[streaming quantize strided] tile 93206 rows,   80.00 ms,    3.12 GB/s
[streaming quantize strided] tile 93206 rows,   85.00 ms,    2.94 GB/s
[streaming quantize strided] tile 93206 rows,   83.00 ms,    3.01 GB/s
[streaming quantize strided] tile 93206 rows,   90.00 ms,    2.78 GB/s
[streaming quantize strided] tile 93206 rows,   96.00 ms,    2.60 GB/s
[streaming quantize strided] tile 93206 rows, 1376.00 ms,    0.18 GB/s
[streaming quantize strided] tile 93206 rows, 1387.00 ms,    0.18 GB/s
[streaming quantize strided] tile 93206 rows, 1396.00 ms,    0.18 GB/s
[streaming quantize strided] tile 93206 rows, 1391.00 ms,    0.18 GB/s
[streaming quantize strided] tile 93206 rows, 1390.00 ms,    0.18 GB/s
[streaming quantize strided] tile 93206 rows, 1402.00 ms,    0.18 GB/s
[streaming quantize strided] tile 93206 rows, 1459.00 ms,    0.17 GB/s
[streaming quantize strided] tile 93206 rows, 1463.00 ms,    0.17 GB/s
[streaming quantize strided] tile 93206 rows, 1772.00 ms,    0.14 GB/s
[streaming quantize strided] tile 93206 rows, 1855.00 ms,    0.13 GB/s
[streaming quantize strided] tile 93206 rows, 1857.00 ms,    0.13 GB/s
[streaming quantize strided] tile 93206 rows, 1851.00 ms,    0.14 GB/s
[streaming quantize strided] tile 93206 rows, 1856.00 ms,    0.13 GB/s
[streaming quantize strided] tile 93206 rows, 1849.00 ms,    0.14 GB/s
[streaming quantize strided] tile 93206 rows, 1781.00 ms,    0.14 GB/s
[streaming quantize strided] tile 93206 rows, 1859.00 ms,    0.13 GB/s
[streaming quantize strided] tile 89022 rows,   24.00 ms,    9.95 GB/s
[streaming quantize strided] tile 89022 rows,   35.00 ms,    6.82 GB/s
[streaming quantize strided] tile 89022 rows,   42.00 ms,    5.69 GB/s
[streaming quantize strided] tile 89022 rows,   48.00 ms,    4.97 GB/s
[streaming quantize strided] tile 89022 rows,   46.00 ms,    5.19 GB/s
[streaming quantize strided] tile 89022 rows,   49.00 ms,    4.87 GB/s
[streaming quantize strided] tile 89022 rows,   49.00 ms,    4.87 GB/s
[streaming quantize strided] tile 89022 rows,   48.00 ms,    4.97 GB/s
[streaming quantize strided] tile 93206 rows,   77.00 ms,    3.25 GB/s
[streaming quantize strided] tile 93206 rows,   79.00 ms,    3.16 GB/s
[streaming quantize strided] tile 93206 rows,   78.00 ms,    3.21 GB/s
[streaming quantize strided] tile 93206 rows,   81.00 ms,    3.09 GB/s
[streaming quantize strided] tile 93206 rows,   79.00 ms,    3.16 GB/s
[streaming quantize strided] tile 93206 rows,   82.00 ms,    3.05 GB/s
[streaming quantize strided] tile 93206 rows,   86.00 ms,    2.91 GB/s
[streaming quantize strided] tile 93206 rows,   87.00 ms,    2.87 GB/s
[streaming quantize strided] tile 93206 rows, 1621.00 ms,    0.15 GB/s
[streaming quantize strided] tile 93206 rows, 1620.00 ms,    0.15 GB/s
[streaming quantize strided] tile 93206 rows, 1629.00 ms,    0.15 GB/s
[streaming quantize strided] tile 93206 rows, 1630.00 ms,    0.15 GB/s
[streaming quantize strided] tile 93206 rows, 1634.00 ms,    0.15 GB/s
[streaming quantize strided] tile 93206 rows, 1623.00 ms,    0.15 GB/s
[streaming quantize strided] tile 93206 rows, 1630.00 ms,    0.15 GB/s
[streaming quantize strided] tile 93206 rows, 1638.00 ms,    0.15 GB/s
[streaming quantize strided] tile 93206 rows, 1745.00 ms,    0.14 GB/s
[streaming quantize strided] tile 93206 rows, 1745.00 ms,    0.14 GB/s
[streaming quantize strided] tile 93206 rows, 1743.00 ms,    0.14 GB/s
[streaming quantize strided] tile 93206 rows, 1748.00 ms,    0.14 GB/s
[streaming quantize strided] tile 93206 rows, 1750.00 ms,    0.14 GB/s
[streaming quantize strided] tile 93206 rows, 1745.00 ms,    0.14 GB/s
[streaming quantize strided] tile 93206 rows, 1743.00 ms,    0.14 GB/s
[streaming quantize strided] tile 93206 rows, 1751.00 ms,    0.14 GB/s
[streaming quantize strided] tile 89022 rows,   23.00 ms,   10.38 GB/s
[streaming quantize strided] tile 89022 rows,   24.00 ms,    9.95 GB/s
[streaming quantize strided] tile 89022 rows,   23.00 ms,   10.38 GB/s
[streaming quantize strided] tile 89022 rows,   24.00 ms,    9.95 GB/s
[streaming quantize strided] tile 89022 rows,   24.00 ms,    9.95 GB/s
[streaming quantize strided] tile 89022 rows,   24.00 ms,    9.95 GB/s
[streaming quantize strided] tile 89022 rows,   64.00 ms,    3.73 GB/s
[streaming quantize strided] tile 89022 rows,   64.00 ms,    3.73 GB/s
[streaming quantize strided] tile 93206 rows,   74.00 ms,    3.38 GB/s
[streaming quantize strided] tile 93206 rows,   82.00 ms,    3.05 GB/s
[streaming quantize strided] tile 93206 rows,   85.00 ms,    2.94 GB/s
[streaming quantize strided] tile 93206 rows,   83.00 ms,    3.01 GB/s
[streaming quantize strided] tile 93206 rows,   89.00 ms,    2.81 GB/s
[streaming quantize strided] tile 93206 rows,   89.00 ms,    2.81 GB/s
[streaming quantize strided] tile 93206 rows,   90.00 ms,    2.78 GB/s
[streaming quantize strided] tile 93206 rows,   83.00 ms,    3.01 GB/s
[streaming quantize strided] tile 93206 rows, 1266.00 ms,    0.20 GB/s
[streaming quantize strided] tile 93206 rows, 1258.00 ms,    0.20 GB/s
[streaming quantize strided] tile 93206 rows, 1262.00 ms,    0.20 GB/s
[streaming quantize strided] tile 93206 rows, 1256.00 ms,    0.20 GB/s
[streaming quantize strided] tile 93206 rows, 1268.00 ms,    0.20 GB/s
[streaming quantize strided] tile 93206 rows, 1271.00 ms,    0.20 GB/s
[streaming quantize strided] tile 93206 rows, 1261.00 ms,    0.20 GB/s
[streaming quantize strided] tile 93206 rows, 1267.00 ms,    0.20 GB/s
[streaming quantize strided] tile 93206 rows, 1460.00 ms,    0.17 GB/s
[streaming quantize strided] tile 93206 rows, 1467.00 ms,    0.17 GB/s
[streaming quantize strided] tile 93206 rows, 1463.00 ms,    0.17 GB/s
[streaming quantize strided] tile 93206 rows, 1469.00 ms,    0.17 GB/s
[streaming quantize strided] tile 93206 rows, 1467.00 ms,    0.17 GB/s
[streaming quantize strided] tile 93206 rows, 1470.00 ms,    0.17 GB/s
[streaming quantize strided] tile 93206 rows, 1471.00 ms,    0.17 GB/s
[streaming quantize strided] tile 93206 rows, 1473.00 ms,    0.17 GB/s
[streaming quantize strided] tile 89022 rows,   11.00 ms,   21.71 GB/s
[streaming quantize strided] tile 89022 rows,   15.00 ms,   15.92 GB/s
[streaming quantize strided] tile 89022 rows,   30.00 ms,    7.96 GB/s
[streaming quantize strided] tile 89022 rows,   29.00 ms,    8.23 GB/s
[streaming quantize strided] tile 89022 rows,   33.00 ms,    7.24 GB/s
[streaming quantize strided] tile 89022 rows,   25.00 ms,    9.55 GB/s
[streaming quantize strided] tile 89022 rows,   32.00 ms,    7.46 GB/s
[streaming quantize strided] tile 89022 rows,   28.00 ms,    8.53 GB/s
[streaming quantize strided] tile 93206 rows,   80.00 ms,    3.12 GB/s
[streaming quantize strided] tile 93206 rows,   78.00 ms,    3.21 GB/s
[streaming quantize strided] tile 93206 rows,   79.00 ms,    3.16 GB/s
[streaming quantize strided] tile 93206 rows,   83.00 ms,    3.01 GB/s
[streaming quantize strided] tile 93206 rows,   87.00 ms,    2.87 GB/s
[streaming quantize strided] tile 93206 rows,   86.00 ms,    2.91 GB/s
[streaming quantize strided] tile 93206 rows,   90.00 ms,    2.78 GB/s
[streaming quantize strided] tile 93206 rows,   89.00 ms,    2.81 GB/s
[streaming quantize strided] tile 93206 rows, 1252.00 ms,    0.20 GB/s
[streaming quantize strided] tile 93206 rows, 1259.00 ms,    0.20 GB/s
[streaming quantize strided] tile 93206 rows, 1258.00 ms,    0.20 GB/s
[streaming quantize strided] tile 93206 rows, 1247.00 ms,    0.20 GB/s
[streaming quantize strided] tile 93206 rows, 1253.00 ms,    0.20 GB/s
[streaming quantize strided] tile 93206 rows, 1262.00 ms,    0.20 GB/s
[streaming quantize strided] tile 93206 rows, 1258.00 ms,    0.20 GB/s
[streaming quantize strided] tile 93206 rows, 1252.00 ms,    0.20 GB/s
[streaming quantize strided] tile 93206 rows,  954.00 ms,    0.26 GB/s
[streaming quantize strided] tile 93206 rows,  953.00 ms,    0.26 GB/s
[streaming quantize strided] tile 93206 rows,  957.00 ms,    0.26 GB/s
[streaming quantize strided] tile 93206 rows,  958.00 ms,    0.26 GB/s
[streaming quantize strided] tile 93206 rows,  957.00 ms,    0.26 GB/s
[streaming quantize strided] tile 93206 rows,  959.00 ms,    0.26 GB/s
[streaming quantize strided] tile 93206 rows,  960.00 ms,    0.26 GB/s
[streaming quantize strided] tile 93206 rows,  960.00 ms,    0.26 GB/s
[streaming quantize strided] tile 89022 rows,   18.00 ms,   13.27 GB/s
[streaming quantize strided] tile 89022 rows,   30.00 ms,    7.96 GB/s
[streaming quantize strided] tile 89022 rows,   37.00 ms,    6.45 GB/s
[streaming quantize strided] tile 89022 rows,   42.00 ms,    5.69 GB/s
[streaming quantize strided] tile 89022 rows,   43.00 ms,    5.55 GB/s
[streaming quantize strided] tile 89022 rows,   38.00 ms,    6.28 GB/s
[streaming quantize strided] tile 89022 rows,   42.00 ms,    5.69 GB/s
[streaming quantize strided] tile 89022 rows,   45.00 ms,    5.31 GB/s
[streaming quantize strided] tile 93206 rows,   80.00 ms,    3.12 GB/s
[streaming quantize strided] tile 93206 rows,   82.00 ms,    3.05 GB/s
[streaming quantize strided] tile 93206 rows,   84.00 ms,    2.98 GB/s
[streaming quantize strided] tile 93206 rows,   85.00 ms,    2.94 GB/s
[streaming quantize strided] tile 93206 rows,   84.00 ms,    2.98 GB/s
[streaming quantize strided] tile 93206 rows,   90.00 ms,    2.78 GB/s
[streaming quantize strided] tile 93206 rows,   92.00 ms,    2.72 GB/s
[streaming quantize strided] tile 93206 rows,   92.00 ms,    2.72 GB/s
[streaming quantize strided] tile 93206 rows,  933.00 ms,    0.27 GB/s
[streaming quantize strided] tile 93206 rows,  931.00 ms,    0.27 GB/s
[streaming quantize strided] tile 93206 rows,  938.00 ms,    0.27 GB/s
[streaming quantize strided] tile 93206 rows,  941.00 ms,    0.27 GB/s
[streaming quantize strided] tile 93206 rows,  939.00 ms,    0.27 GB/s
[streaming quantize strided] tile 93206 rows,  943.00 ms,    0.27 GB/s
[streaming quantize strided] tile 93206 rows,  938.00 ms,    0.27 GB/s
[streaming quantize strided] tile 93206 rows,  950.00 ms,    0.26 GB/s
[streaming quantize strided] tile 93206 rows, 1258.00 ms,    0.20 GB/s
[streaming quantize strided] tile 93206 rows, 1260.00 ms,    0.20 GB/s
[streaming quantize strided] tile 93206 rows, 1266.00 ms,    0.20 GB/s
[streaming quantize strided] tile 93206 rows, 1266.00 ms,    0.20 GB/s
[streaming quantize strided] tile 93206 rows, 1266.00 ms,    0.20 GB/s
[streaming quantize strided] tile 93206 rows, 1266.00 ms,    0.20 GB/s
[streaming quantize strided] tile 93206 rows, 1266.00 ms,    0.20 GB/s
[streaming quantize strided] tile 93206 rows, 1264.00 ms,    0.20 GB/s
[streaming quantize strided] tile 89022 rows,   17.00 ms,   14.05 GB/s
[streaming quantize strided] tile 89022 rows,   16.00 ms,   14.92 GB/s
[streaming quantize strided] tile 89022 rows,   38.00 ms,    6.28 GB/s
[streaming quantize strided] tile 89022 rows,   37.00 ms,    6.45 GB/s
[streaming quantize strided] tile 89022 rows,   42.00 ms,    5.69 GB/s
[streaming quantize strided] tile 89022 rows,   41.00 ms,    5.82 GB/s
[streaming quantize strided] tile 89022 rows,   36.00 ms,    6.63 GB/s
[streaming quantize strided] tile 89022 rows,   38.00 ms,    6.28 GB/s
[streaming quantize strided] tile 93206 rows,   77.00 ms,    3.25 GB/s
[streaming quantize strided] tile 93206 rows,   80.00 ms,    3.12 GB/s
[streaming quantize strided] tile 93206 rows,   83.00 ms,    3.01 GB/s
[streaming quantize strided] tile 93206 rows,   87.00 ms,    2.87 GB/s
[streaming quantize strided] tile 93206 rows,   87.00 ms,    2.87 GB/s
[streaming quantize strided] tile 93206 rows,   84.00 ms,    2.98 GB/s
[streaming quantize strided] tile 93206 rows,   85.00 ms,    2.94 GB/s
[streaming quantize strided] tile 93206 rows,   90.00 ms,    2.78 GB/s
[streaming quantize strided] tile 93206 rows, 1643.00 ms,    0.15 GB/s
[streaming quantize strided] tile 93206 rows, 1640.00 ms,    0.15 GB/s
[streaming quantize strided] tile 93206 rows, 1643.00 ms,    0.15 GB/s
[streaming quantize strided] tile 93206 rows, 1641.00 ms,    0.15 GB/s
[streaming quantize strided] tile 93206 rows, 1648.00 ms,    0.15 GB/s
[streaming quantize strided] tile 93206 rows, 1642.00 ms,    0.15 GB/s
[streaming quantize strided] tile 93206 rows, 1650.00 ms,    0.15 GB/s
[streaming quantize strided] tile 93206 rows, 1641.00 ms,    0.15 GB/s
[streaming quantize strided] tile 93206 rows, 1047.00 ms,    0.24 GB/s
[streaming quantize strided] tile 93206 rows, 1043.00 ms,    0.24 GB/s
[streaming quantize strided] tile 93206 rows, 1046.00 ms,    0.24 GB/s
[streaming quantize strided] tile 93206 rows, 1048.00 ms,    0.24 GB/s
[streaming quantize strided] tile 93206 rows, 1049.00 ms,    0.24 GB/s
[streaming quantize strided] tile 93206 rows, 1046.00 ms,    0.24 GB/s
[streaming quantize strided] tile 93206 rows, 1050.00 ms,    0.24 GB/s
[streaming quantize strided] tile 93206 rows, 1055.00 ms,    0.24 GB/s
[streaming quantize strided] tile 89022 rows,   18.00 ms,   13.27 GB/s
[streaming quantize strided] tile 89022 rows,   30.00 ms,    7.96 GB/s
[streaming quantize strided] tile 89022 rows,   36.00 ms,    6.63 GB/s
[streaming quantize strided] tile 89022 rows,   33.00 ms,    7.24 GB/s
[streaming quantize strided] tile 89022 rows,   35.00 ms,    6.82 GB/s
[streaming quantize strided] tile 89022 rows,   41.00 ms,    5.82 GB/s
[streaming quantize strided] tile 89022 rows,   37.00 ms,    6.45 GB/s
[streaming quantize strided] tile 89022 rows,   40.00 ms,    5.97 GB/s
[streaming quantize strided] tile 93206 rows,   77.00 ms,    3.25 GB/s
[streaming quantize strided] tile 93206 rows,   81.00 ms,    3.09 GB/s
[streaming quantize strided] tile 93206 rows,   81.00 ms,    3.09 GB/s
[streaming quantize strided] tile 93206 rows,   82.00 ms,    3.05 GB/s
[streaming quantize strided] tile 93206 rows,   84.00 ms,    2.98 GB/s
[streaming quantize strided] tile 93206 rows,   90.00 ms,    2.78 GB/s
[streaming quantize strided] tile 93206 rows,   86.00 ms,    2.91 GB/s
[streaming quantize strided] tile 93206 rows,   89.00 ms,    2.81 GB/s
[streaming quantize strided] tile 93206 rows, 1513.00 ms,    0.17 GB/s
[streaming quantize strided] tile 93206 rows, 1520.00 ms,    0.16 GB/s
[streaming quantize strided] tile 93206 rows, 1529.00 ms,    0.16 GB/s
[streaming quantize strided] tile 93206 rows, 1534.00 ms,    0.16 GB/s
[streaming quantize strided] tile 93206 rows, 1543.00 ms,    0.16 GB/s
[streaming quantize strided] tile 93206 rows, 1531.00 ms,    0.16 GB/s
[streaming quantize strided] tile 93206 rows, 1547.00 ms,    0.16 GB/s
[streaming quantize strided] tile 93206 rows, 1549.00 ms,    0.16 GB/s
[streaming quantize strided] tile 93206 rows,  714.00 ms,    0.35 GB/s
[streaming quantize strided] tile 93206 rows,  723.00 ms,    0.35 GB/s
[streaming quantize strided] tile 93206 rows,  715.00 ms,    0.35 GB/s
[streaming quantize strided] tile 93206 rows,  725.00 ms,    0.34 GB/s
[streaming quantize strided] tile 93206 rows,  742.00 ms,    0.34 GB/s
[streaming quantize strided] tile 93206 rows,  724.00 ms,    0.35 GB/s
[streaming quantize strided] tile 93206 rows,  741.00 ms,    0.34 GB/s
[streaming quantize strided] tile 93206 rows,  738.00 ms,    0.34 GB/s
[streaming quantize strided] tile 89022 rows,   13.00 ms,   18.37 GB/s
[streaming quantize strided] tile 89022 rows,   23.00 ms,   10.38 GB/s
[streaming quantize strided] tile 89022 rows,   33.00 ms,    7.24 GB/s
[streaming quantize strided] tile 89022 rows,   32.00 ms,    7.46 GB/s
[streaming quantize strided] tile 89022 rows,   33.00 ms,    7.24 GB/s
[streaming quantize strided] tile 89022 rows,   35.00 ms,    6.82 GB/s
[streaming quantize strided] tile 89022 rows,   31.00 ms,    7.70 GB/s
[streaming quantize strided] tile 89022 rows,   30.00 ms,    7.96 GB/s
[streaming quantize strided] tile 93206 rows,   28.00 ms,    8.93 GB/s
[streaming quantize strided] tile 93206 rows,   83.00 ms,    3.01 GB/s
[streaming quantize strided] tile 93206 rows,   82.00 ms,    3.05 GB/s
[streaming quantize strided] tile 93206 rows,   74.00 ms,    3.38 GB/s
[streaming quantize strided] tile 93206 rows,   90.00 ms,    2.78 GB/s
[streaming quantize strided] tile 93206 rows,   87.00 ms,    2.87 GB/s
[streaming quantize strided] tile 93206 rows,   91.00 ms,    2.75 GB/s
[streaming quantize strided] tile 93206 rows,   92.00 ms,    2.72 GB/s
[streaming quantize strided] tile 93206 rows, 1275.00 ms,    0.20 GB/s
[streaming quantize strided] tile 93206 rows, 1279.00 ms,    0.20 GB/s
[streaming quantize strided] tile 93206 rows, 1285.00 ms,    0.19 GB/s
[streaming quantize strided] tile 93206 rows, 1340.00 ms,    0.19 GB/s
[streaming quantize strided] tile 93206 rows, 1290.00 ms,    0.19 GB/s
[streaming quantize strided] tile 93206 rows, 1286.00 ms,    0.19 GB/s
[streaming quantize strided] tile 93206 rows, 1286.00 ms,    0.19 GB/s
[streaming quantize strided] tile 93206 rows, 1297.00 ms,    0.19 GB/s
[streaming quantize strided] tile 93206 rows,  456.00 ms,    0.55 GB/s
[streaming quantize strided] tile 93206 rows,  463.00 ms,    0.54 GB/s
[streaming quantize strided] tile 93206 rows,  466.00 ms,    0.54 GB/s
[streaming quantize strided] tile 93206 rows,  468.00 ms,    0.53 GB/s
[streaming quantize strided] tile 93206 rows,  462.00 ms,    0.54 GB/s
[streaming quantize strided] tile 93206 rows,  465.00 ms,    0.54 GB/s
[streaming quantize strided] tile 93206 rows,  467.00 ms,    0.54 GB/s
[streaming quantize strided] tile 93206 rows,  470.00 ms,    0.53 GB/s
[streaming quantize strided] tile 89022 rows,   15.00 ms,   15.92 GB/s
[streaming quantize strided] tile 89022 rows,   23.00 ms,   10.38 GB/s
[streaming quantize strided] tile 89022 rows,   32.00 ms,    7.46 GB/s
[streaming quantize strided] tile 89022 rows,   35.00 ms,    6.82 GB/s
[streaming quantize strided] tile 89022 rows,   38.00 ms,    6.28 GB/s
[streaming quantize strided] tile 89022 rows,   36.00 ms,    6.63 GB/s
[streaming quantize strided] tile 89022 rows,   37.00 ms,    6.45 GB/s
[streaming quantize strided] tile 89022 rows,   32.00 ms,    7.46 GB/s
[streaming quantize strided] tile 93206 rows,   80.00 ms,    3.12 GB/s
[streaming quantize strided] tile 93206 rows,   75.00 ms,    3.33 GB/s
[streaming quantize strided] tile 93206 rows,   82.00 ms,    3.05 GB/s
[streaming quantize strided] tile 93206 rows,   88.00 ms,    2.84 GB/s
[streaming quantize strided] tile 93206 rows,   86.00 ms,    2.91 GB/s
[streaming quantize strided] tile 93206 rows,   90.00 ms,    2.78 GB/s
[streaming quantize strided] tile 93206 rows,   91.00 ms,    2.75 GB/s
[streaming quantize strided] tile 93206 rows,   92.00 ms,    2.72 GB/s
[streaming quantize strided] tile 93206 rows,  792.00 ms,    0.32 GB/s
[streaming quantize strided] tile 93206 rows,  808.00 ms,    0.31 GB/s
[streaming quantize strided] tile 93206 rows,  808.00 ms,    0.31 GB/s
[streaming quantize strided] tile 93206 rows,  802.00 ms,    0.31 GB/s
[streaming quantize strided] tile 93206 rows,  807.00 ms,    0.31 GB/s
[streaming quantize strided] tile 93206 rows,  801.00 ms,    0.31 GB/s
[streaming quantize strided] tile 93206 rows,  809.00 ms,    0.31 GB/s
[streaming quantize strided] tile 93206 rows,  820.00 ms,    0.30 GB/s
[streaming quantize strided] tile 93206 rows,  860.00 ms,    0.29 GB/s
[streaming quantize strided] tile 93206 rows,  869.00 ms,    0.29 GB/s
[streaming quantize strided] tile 93206 rows,  872.00 ms,    0.29 GB/s
[streaming quantize strided] tile 93206 rows,  867.00 ms,    0.29 GB/s
[streaming quantize strided] tile 93206 rows,  867.00 ms,    0.29 GB/s
[streaming quantize strided] tile 93206 rows,  872.00 ms,    0.29 GB/s
[streaming quantize strided] tile 93206 rows,  876.00 ms,    0.29 GB/s
[streaming quantize strided] tile 93206 rows,  881.00 ms,    0.28 GB/s
[streaming quantize strided] tile 89022 rows,   12.00 ms,   19.90 GB/s
[streaming quantize strided] tile 89022 rows,   18.00 ms,   13.27 GB/s
[streaming quantize strided] tile 89022 rows,   34.00 ms,    7.02 GB/s
[streaming quantize strided] tile 89022 rows,   37.00 ms,    6.45 GB/s
[streaming quantize strided] tile 89022 rows,   33.00 ms,    7.24 GB/s
[streaming quantize strided] tile 89022 rows,   31.00 ms,    7.70 GB/s
[streaming quantize strided] tile 89022 rows,   26.00 ms,    9.18 GB/s
[streaming quantize strided] tile 89022 rows,   30.00 ms,    7.96 GB/s
[streaming quantize strided] tile 93206 rows,   80.00 ms,    3.12 GB/s
[streaming quantize strided] tile 93206 rows,   82.00 ms,    3.05 GB/s
[streaming quantize strided] tile 93206 rows,   75.00 ms,    3.33 GB/s
[streaming quantize strided] tile 93206 rows,   84.00 ms,    2.98 GB/s
[streaming quantize strided] tile 93206 rows,   79.00 ms,    3.16 GB/s
[streaming quantize strided] tile 93206 rows,   85.00 ms,    2.94 GB/s
[streaming quantize strided] tile 93206 rows,   84.00 ms,    2.98 GB/s
[streaming quantize strided] tile 93206 rows,   86.00 ms,    2.91 GB/s
[streaming quantize strided] tile 93206 rows,  921.00 ms,    0.27 GB/s
[streaming quantize strided] tile 93206 rows,  922.00 ms,    0.27 GB/s
[streaming quantize strided] tile 93206 rows,  927.00 ms,    0.27 GB/s
[streaming quantize strided] tile 93206 rows,  927.00 ms,    0.27 GB/s
[streaming quantize strided] tile 93206 rows,  918.00 ms,    0.27 GB/s
[streaming quantize strided] tile 93206 rows,  922.00 ms,    0.27 GB/s
[streaming quantize strided] tile 93206 rows,  921.00 ms,    0.27 GB/s
[streaming quantize strided] tile 93206 rows,  931.00 ms,    0.27 GB/s
[streaming quantize strided] tile 93206 rows, 1537.00 ms,    0.16 GB/s
[streaming quantize strided] tile 93206 rows, 1542.00 ms,    0.16 GB/s
[streaming quantize strided] tile 93206 rows, 1542.00 ms,    0.16 GB/s
[streaming quantize strided] tile 93206 rows, 1544.00 ms,    0.16 GB/s
[streaming quantize strided] tile 93206 rows, 1543.00 ms,    0.16 GB/s
[streaming quantize strided] tile 93206 rows, 1546.00 ms,    0.16 GB/s
[streaming quantize strided] tile 93206 rows, 1545.00 ms,    0.16 GB/s
[streaming quantize strided] tile 93206 rows, 1545.00 ms,    0.16 GB/s
[streaming quantize strided] tile 89022 rows,   15.00 ms,   15.92 GB/s
[streaming quantize strided] tile 89022 rows,   22.00 ms,   10.85 GB/s
[streaming quantize strided] tile 89022 rows,   34.00 ms,    7.02 GB/s
[streaming quantize strided] tile 89022 rows,   31.00 ms,    7.70 GB/s
[streaming quantize strided] tile 89022 rows,   31.00 ms,    7.70 GB/s
[streaming quantize strided] tile 89022 rows,   30.00 ms,    7.96 GB/s
[streaming quantize strided] tile 89022 rows,   36.00 ms,    6.63 GB/s
[streaming quantize strided] tile 89022 rows,   34.00 ms,    7.02 GB/s
[streaming quantize strided] tile 93206 rows,   76.00 ms,    3.29 GB/s
[streaming quantize strided] tile 93206 rows,   81.00 ms,    3.09 GB/s
[streaming quantize strided] tile 93206 rows,   79.00 ms,    3.16 GB/s
[streaming quantize strided] tile 93206 rows,   85.00 ms,    2.94 GB/s
[streaming quantize strided] tile 93206 rows,   82.00 ms,    3.05 GB/s
[streaming quantize strided] tile 93206 rows,   92.00 ms,    2.72 GB/s
[streaming quantize strided] tile 93206 rows,   89.00 ms,    2.81 GB/s
[streaming quantize strided] tile 93206 rows,   95.00 ms,    2.63 GB/s
[streaming quantize strided] tile 93206 rows, 1281.00 ms,    0.20 GB/s
[streaming quantize strided] tile 93206 rows, 1298.00 ms,    0.19 GB/s
[streaming quantize strided] tile 93206 rows, 1281.00 ms,    0.20 GB/s
[streaming quantize strided] tile 93206 rows, 1295.00 ms,    0.19 GB/s
[streaming quantize strided] tile 93206 rows, 1290.00 ms,    0.19 GB/s
[streaming quantize strided] tile 93206 rows, 1288.00 ms,    0.19 GB/s
[streaming quantize strided] tile 93206 rows, 1296.00 ms,    0.19 GB/s
[streaming quantize strided] tile 93206 rows, 1291.00 ms,    0.19 GB/s
[streaming quantize strided] tile 93206 rows, 1722.00 ms,    0.15 GB/s
[streaming quantize strided] tile 93206 rows, 1725.00 ms,    0.14 GB/s
[streaming quantize strided] tile 93206 rows, 1725.00 ms,    0.14 GB/s
[streaming quantize strided] tile 93206 rows, 1728.00 ms,    0.14 GB/s
[streaming quantize strided] tile 93206 rows, 1725.00 ms,    0.14 GB/s
[streaming quantize strided] tile 93206 rows, 1731.00 ms,    0.14 GB/s
[streaming quantize strided] tile 93206 rows, 1733.00 ms,    0.14 GB/s
[streaming quantize strided] tile 93206 rows, 1728.00 ms,    0.14 GB/s
[streaming quantize strided] tile 89022 rows,   16.00 ms,   14.92 GB/s
[streaming quantize strided] tile 89022 rows,   17.00 ms,   14.05 GB/s
[streaming quantize strided] tile 89022 rows,   29.00 ms,    8.23 GB/s
[streaming quantize strided] tile 89022 rows,   30.00 ms,    7.96 GB/s
[streaming quantize strided] tile 89022 rows,   39.00 ms,    6.12 GB/s
[streaming quantize strided] tile 89022 rows,   36.00 ms,    6.63 GB/s
[streaming quantize strided] tile 89022 rows,   39.00 ms,    6.12 GB/s
[streaming quantize strided] tile 89022 rows,   42.00 ms,    5.69 GB/s
[streaming quantize strided] tile 93206 rows,   82.00 ms,    3.05 GB/s
[streaming quantize strided] tile 93206 rows,   83.00 ms,    3.01 GB/s
[streaming quantize strided] tile 93206 rows,   80.00 ms,    3.12 GB/s
[streaming quantize strided] tile 93206 rows,   89.00 ms,    2.81 GB/s
[streaming quantize strided] tile 93206 rows,   82.00 ms,    3.05 GB/s
[streaming quantize strided] tile 93206 rows,   96.00 ms,    2.60 GB/s
[streaming quantize strided] tile 93206 rows,   86.00 ms,    2.91 GB/s
[streaming quantize strided] tile 93206 rows,   87.00 ms,    2.87 GB/s
[streaming quantize strided] tile 93206 rows, 1408.00 ms,    0.18 GB/s
[streaming quantize strided] tile 93206 rows, 1405.00 ms,    0.18 GB/s
[streaming quantize strided] tile 93206 rows, 1395.00 ms,    0.18 GB/s
[streaming quantize strided] tile 93206 rows, 1396.00 ms,    0.18 GB/s
[streaming quantize strided] tile 93206 rows, 1399.00 ms,    0.18 GB/s
[streaming quantize strided] tile 93206 rows, 1403.00 ms,    0.18 GB/s
[streaming quantize strided] tile 93206 rows, 1405.00 ms,    0.18 GB/s
[streaming quantize strided] tile 93206 rows, 1408.00 ms,    0.18 GB/s
[streaming quantize strided] tile 93206 rows, 1422.00 ms,    0.18 GB/s
[streaming quantize strided] tile 93206 rows, 1422.00 ms,    0.18 GB/s
[streaming quantize strided] tile 93206 rows, 1423.00 ms,    0.18 GB/s
[streaming quantize strided] tile 93206 rows, 1423.00 ms,    0.18 GB/s
[streaming quantize strided] tile 93206 rows, 1421.00 ms,    0.18 GB/s
[streaming quantize strided] tile 93206 rows, 1428.00 ms,    0.18 GB/s
[streaming quantize strided] tile 93206 rows, 1424.00 ms,    0.18 GB/s
[streaming quantize strided] tile 93206 rows, 1426.00 ms,    0.18 GB/s
[streaming quantize strided] tile 89022 rows,   17.00 ms,   14.05 GB/s
[streaming quantize strided] tile 89022 rows,   37.00 ms,    6.45 GB/s
[streaming quantize strided] tile 89022 rows,   50.00 ms,    4.78 GB/s
[streaming quantize strided] tile 89022 rows,   50.00 ms,    4.78 GB/s
[streaming quantize strided] tile 89022 rows,   48.00 ms,    4.97 GB/s
[streaming quantize strided] tile 89022 rows,   49.00 ms,    4.87 GB/s
[streaming quantize strided] tile 89022 rows,   50.00 ms,    4.78 GB/s
[streaming quantize strided] tile 89022 rows,   47.00 ms,    5.08 GB/s
[streaming quantize strided] tile 93206 rows,   78.00 ms,    3.21 GB/s
[streaming quantize strided] tile 93206 rows,   77.00 ms,    3.25 GB/s
[streaming quantize strided] tile 93206 rows,   78.00 ms,    3.21 GB/s
[streaming quantize strided] tile 93206 rows,   78.00 ms,    3.21 GB/s
[streaming quantize strided] tile 93206 rows,   80.00 ms,    3.12 GB/s
[streaming quantize strided] tile 93206 rows,   84.00 ms,    2.98 GB/s
[streaming quantize strided] tile 93206 rows,   85.00 ms,    2.94 GB/s
[streaming quantize strided] tile 93206 rows,   92.00 ms,    2.72 GB/s
[streaming quantize strided] tile 93206 rows, 1456.00 ms,    0.17 GB/s
[streaming quantize strided] tile 93206 rows, 1451.00 ms,    0.17 GB/s
[streaming quantize strided] tile 93206 rows, 1457.00 ms,    0.17 GB/s
[streaming quantize strided] tile 93206 rows, 1469.00 ms,    0.17 GB/s
[streaming quantize strided] tile 93206 rows, 1467.00 ms,    0.17 GB/s
[streaming quantize strided] tile 93206 rows, 1459.00 ms,    0.17 GB/s
[streaming quantize strided] tile 93206 rows, 1466.00 ms,    0.17 GB/s
[streaming quantize strided] tile 93206 rows, 1472.00 ms,    0.17 GB/s
[streaming quantize strided] tile 93206 rows, 1495.00 ms,    0.17 GB/s
[streaming quantize strided] tile 93206 rows, 1492.00 ms,    0.17 GB/s
[streaming quantize strided] tile 93206 rows, 1496.00 ms,    0.17 GB/s
[streaming quantize strided] tile 93206 rows, 1499.00 ms,    0.17 GB/s
[streaming quantize strided] tile 93206 rows, 1497.00 ms,    0.17 GB/s
[streaming quantize strided] tile 93206 rows, 1501.00 ms,    0.17 GB/s
[streaming quantize strided] tile 93206 rows, 1496.00 ms,    0.17 GB/s
[streaming quantize strided] tile 93206 rows, 1496.00 ms,    0.17 GB/s
[streaming quantize strided] tile 89022 rows,   16.00 ms,   14.92 GB/s
[streaming quantize strided] tile 89022 rows,   18.00 ms,   13.27 GB/s
[streaming quantize strided] tile 89022 rows,   27.00 ms,    8.84 GB/s
[streaming quantize strided] tile 89022 rows,   30.00 ms,    7.96 GB/s
[streaming quantize strided] tile 89022 rows,   36.00 ms,    6.63 GB/s
[streaming quantize strided] tile 89022 rows,   41.00 ms,    5.82 GB/s
[streaming quantize strided] tile 89022 rows,   43.00 ms,    5.55 GB/s
[streaming quantize strided] tile 89022 rows,   40.00 ms,    5.97 GB/s
[streaming quantize strided] tile 93206 rows,   79.00 ms,    3.16 GB/s
[streaming quantize strided] tile 93206 rows,   76.00 ms,    3.29 GB/s
[streaming quantize strided] tile 93206 rows,   84.00 ms,    2.98 GB/s
[streaming quantize strided] tile 93206 rows,   90.00 ms,    2.78 GB/s
[streaming quantize strided] tile 93206 rows,   79.00 ms,    3.16 GB/s
[streaming quantize strided] tile 93206 rows,   86.00 ms,    2.91 GB/s
[streaming quantize strided] tile 93206 rows,   91.00 ms,    2.75 GB/s
[streaming quantize strided] tile 93206 rows,   99.00 ms,    2.53 GB/s
[streaming quantize strided] tile 93206 rows,  714.00 ms,    0.35 GB/s
[streaming quantize strided] tile 93206 rows,  711.00 ms,    0.35 GB/s
[streaming quantize strided] tile 93206 rows,  715.00 ms,    0.35 GB/s
[streaming quantize strided] tile 93206 rows,  706.00 ms,    0.35 GB/s
[streaming quantize strided] tile 93206 rows,  709.00 ms,    0.35 GB/s
[streaming quantize strided] tile 93206 rows,  714.00 ms,    0.35 GB/s
[streaming quantize strided] tile 93206 rows,  710.00 ms,    0.35 GB/s
[streaming quantize strided] tile 93206 rows,  725.00 ms,    0.34 GB/s
[streaming quantize strided] tile 93206 rows, 1266.00 ms,    0.20 GB/s
[streaming quantize strided] tile 93206 rows, 1269.00 ms,    0.20 GB/s
[streaming quantize strided] tile 93206 rows, 1268.00 ms,    0.20 GB/s
[streaming quantize strided] tile 93206 rows, 1269.00 ms,    0.20 GB/s
[streaming quantize strided] tile 93206 rows, 1271.00 ms,    0.20 GB/s
[streaming quantize strided] tile 93206 rows, 1270.00 ms,    0.20 GB/s
[streaming quantize strided] tile 93206 rows, 1272.00 ms,    0.20 GB/s
[streaming quantize strided] tile 93206 rows, 1271.00 ms,    0.20 GB/s
[streaming quantize strided] tile 89022 rows,   17.00 ms,   14.05 GB/s
[streaming quantize strided] tile 89022 rows,   17.00 ms,   14.05 GB/s
[streaming quantize strided] tile 89022 rows,   18.00 ms,   13.27 GB/s
[streaming quantize strided] tile 89022 rows,   34.00 ms,    7.02 GB/s
[streaming quantize strided] tile 89022 rows,   35.00 ms,    6.82 GB/s
[streaming quantize strided] tile 89022 rows,   34.00 ms,    7.02 GB/s
[streaming quantize strided] tile 89022 rows,   63.00 ms,    3.79 GB/s
[streaming quantize strided] tile 89022 rows,   64.00 ms,    3.73 GB/s
Weights copied (TP optimized): per-layer strided-gather tiling for MLP1/MLP2, biases BF16.
Weights copied (TP optimized): per-layer strided-gather tiling for MLP1/MLP2, biases BF16.
Weights copied (TP optimized): per-layer strided-gather tiling for MLP1/MLP2, biases BF16.
Weights copied (TP optimized): per-layer strided-gather tiling for MLP1/MLP2, biases BF16.
Weights copied (TP optimized): per-layer strided-gather tiling for MLP1/MLP2, biases BF16.
Weights copied (TP optimized): per-layer strided-gather tiling for MLP1/MLP2, biases BF16.
Weights copied (TP optimized): per-layer strided-gather tiling for MLP1/MLP2, biases BF16.
Weights copied (TP optimized): per-layer strided-gather tiling for MLP1/MLP2, biases BF16.

warm up elapsed time(s): 568.251000

elapsed time(s): 980.150000, achieved throughput TPS (tok/s): 7424.498291

finish elapsed time(s): 0.095000
